0,40090,43530,43179,42424,41407,40018,34670,46117,25745,26611,27826,29144,29474,29160,46778,49732,40468,53057,28891,47099,17228,28229,38274,36103,42541,28311,40815,27860,41491,55396,43859,40908,24228,34884,39970,31257,24179,31939,26690,24705,39376,15004,29693,25290,41376,42977,44386,42650,51785,25712,29085,47721,39035,39925,25651,55718,28068,13546,30232,41771,35881,14350,41276,43018,43396,45527,37719,43216,16424,36120,35985,39928,41891,37402,39355,20585,43890,46193,37381,44063,14340,41892,36636,49254,41302,37331,36102,42244,42733,29389,43470,35003,26494,47783,47489,46281,34051,30204,13663,29504,42464,45886,37435,29753,16526,39342,32509,43002,41681,42965,39778,30897,43998
37973,0,17593,15332,25043,13555,12166,11180,12465,17068,14513,20883,16263,14861,14586,17537,22291,15285,8869,12579,13737,23392,13712,9387,8117,14689,12291,13498,19736,13638,11207,15181,12230,19147,3443,13183,13302,19154,8394,16256,21774,23995,35470,21569,20305,13524,17063,16799,14797,24344,16272,11383,14009,10981,11246,16974,35367,18100,34011,20264,15379,7096,34815,7044,15166,23950,12208,9417,17278,36890,11562,8768,6277,6308,10370,12566,21169,24966,21913,12490,18126,34805,27732,8478,21813,9285,23526,11544,26723,14054,15343,14791,4455,13837,14114,12623,12409,5827,20236,33875,19536,7201,24333,12579,12476,25442,11305,8964,17064,15796,12801,24507,11329,24307
41845,17993,0,7769,11048,5568,7385,26885,13178,19704,20307,21991,24037,22635,22360,5377,8331,5716,16914,16411,14160,27264,21486,9663,13938,6702,20086,5824,20843,5819,19253,10921,8192,22115,15306,5405,13682,22121,22365,24030,23315,10763,39341,21320,21924,4786,1833,5918,4042,10384,20143,19511,16077,7831,7935,19934,13747,18435,37883,17597,4101,19291,38687,11295,6022,6861,12632,10216,424,40761,13397,12760,25452,14201,10497,6361,25041,7877,3331,8742,1755,38677,18988,10838,7853,9536,11764,13379,12728,10723,23117,10497,16163,17264,14888,14550,13343,16647,17569,38000,18325,23294,6757,9001,21017,29314,6687,22935,804,3471,10187,12906,15161,10312
43217,15100,8063,0,17780,4962,4946,24274,4573,22311,21679,26088,25409,24007,23732,3689,10214,14445,14302,17783,6193,28636,22858,9027,14762,4226,21459,9200,24940,5351,14362,3018,3771,26211,16130,5574,15054,26218,19745,25402,27412,18109,40713,26773,26020,5501,9869,5961,7179,12268,21516,20884,8263,5219,4481,22218,19399,23304,39255,25468,7646,20114,40059,8683,4357,13593,6112,9494,7872,42133,11056,13442,18279,11589,8156,5346,26413,14486,10550,8100,7838,40049,28340,11661,5908,6924,18769,11038,19460,4203,24489,2048,16986,18636,8368,8074,4738,17471,25440,39372,24740,20682,13976,8188,22389,30686,4064,20315,7583,8177,3667,19639,16533,17898
41041,28387,11080,16129,0,13261,15078,28695,21538,20207,21439,17732,24509,23768,23493,13737,16692,10754,27308,17544,22520,24407,22619,16467,17875,14394,21219,13108,16584,13511,29647,19281,15885,19228,22245,13098,14815,19234,23498,25163,20428,4164,38537,18433,19037,12478,8678,13611,11735,18745,21276,20644,23143,15523,15628,19971,18169,16320,37079,14710,14367,26818,37883,21690,13714,3736,20948,15525,10921,39957,17871,17735,30030,24595,15906,14054,24237,4230,6905,15885,10115,37873,8081,18386,16213,19930,5886,17853,3420,18913,24250,18857,21256,18397,23204,22954,21703,21740,14682,37196,15438,33688,5801,19185,22150,28510,14380,24068,10509,11189,18547,3941,16294,1034
41609,14044,7407,3910,14121,0,2037,22936,9320,20703,20070,24479,23140,22398,22124,4808,9558,8950,12965,14553,10302,27028,21250,5466,11203,1549,19850,4834,23332,1390,15303,7063,2758,24603,12571,1208,11823,24609,16187,23794,25803,13837,39105,24394,24412,539,4932,3472,2667,11611,19907,19275,10925,3881,3986,20609,17650,21696,37647,20671,2810,16556,38451,7346,2027,9935,8730,6018,5148,40525,9448,11834,21503,10252,6548,2164,24805,10950,11323,4544,5995,38441,22062,8103,7154,5587,14837,7808,15802,5923,22880,6638,13427,17028,10986,10736,9484,13912,20642,37764,21399,19345,13743,4803,20781,29326,2738,16757,4934,3665,6329,18836,14925,13386
39002,12496,5652,5110,14312,1615,0,21388,9107,18096,17463,21872,20533,19791,19517,5597,10351,9141,11417,13568,10089,24421,18643,5501,11239,2748,17243,4869,20724,1698,13755,7035,2374,21996,12607,1243,10838,22002,16222,21187,23196,14027,36498,22557,21805,1584,5123,4859,2857,12810,17300,16668,10712,2333,2438,18002,17840,19089,35040,20861,3439,16591,35844,5798,3226,10125,8561,6054,5338,37918,6841,9227,19955,8703,3940,580,22198,11141,11514,4580,6185,35834,22252,8138,8354,4039,15028,6823,15992,5723,20273,6460,13463,14421,10817,10523,9272,13948,20833,35157,21589,17797,12174,4839,18174,26471,1179,16792,5124,3856,5956,16171,12318,13576
31494,11242,27623,25362,29013,23585,22196,0,27468,14581,11117,22965,10690,10993,10706,27567,32322,20306,20822,13171,24129,20905,9340,15262,12753,24719,9804,17866,21817,23669,23161,25211,22260,16661,8079,23214,15538,16667,7842,10683,19287,27966,25596,23650,19872,23554,27093,26830,24828,34375,13785,8896,28065,21012,21277,14487,45397,20182,27531,22345,28476,5257,28336,19429,25197,24544,22278,14439,27309,30410,16584,13790,5359,18029,15781,22597,18683,28170,31944,16759,28156,28325,31703,13499,30324,19316,27497,16565,30694,24084,10935,24821,9091,11350,28170,26680,22479,9953,22317,27648,21617,7552,34363,16812,7410,22955,21335,8412,27095,25826,24317,28477,12432,28278
43823,12054,11775,5037,27400,8647,8384,22923,0,22918,22285,26694,26016,24613,24338,7298,13926,16127,10356,18390,3412,29242,23464,9633,15368,7911,22065,12539,25546,9037,10134,2519,7332,26818,16736,9260,15660,26824,20351,26008,28018,26353,41320,27379,26627,9186,13581,9672,11015,10602,22122,21490,4034,7199,6952,22824,23111,23910,39861,26074,11358,20720,40665,9727,8069,17305,1883,10100,11584,42740,11662,14049,14952,12632,8762,8784,27019,19299,14262,8706,11549,40655,30090,12267,9517,7967,25884,11644,24150,3932,25095,3107,17592,19242,4139,3846,277,18077,26046,39978,25346,19332,17688,8795,22995,31292,7625,20921,11295,12014,4165,26864,17139,26665
24262,17557,20997,20646,22200,18216,17485,14603,23583,0,4078,7377,8343,6940,6666,22856,27199,17934,30524,3460,24522,9681,5696,15740,11295,20008,5778,18282,7718,18299,32863,21326,18375,2966,12350,17437,6508,2972,9406,8336,5768,17390,21758,9551,4377,18843,19785,21852,20116,29252,721,6552,25188,15845,17392,322,33185,6082,20300,8246,19238,12725,21104,18742,20485,20863,23037,15186,20683,23178,13587,13247,17394,19358,14869,16163,7458,21357,23660,14848,20872,21094,19906,14102,26720,18769,15345,13569,20258,20200,7422,20936,12469,3961,25249,24956,23748,11518,8218,20417,7518,17254,23353,14901,7219,11731,16808,9976,20469,19148,20432,17792,6457,21464
24938,16931,20372,20020,21574,18249,16860,13977,22958,4032,0,11859,5123,3720,3446,23619,26573,17309,29898,5732,23896,10356,2476,15115,11433,19382,2769,17656,10863,18332,32237,20701,17750,6112,11725,16811,8098,6118,8780,5116,8738,20527,22434,12696,9323,18217,19818,21227,19491,28626,3220,3509,24562,15878,16766,3938,32559,9228,20975,11392,18613,12100,21780,18117,19860,20237,22368,14560,20057,23854,12962,12826,16769,18732,14243,16196,8134,20731,23034,14223,20905,21769,24264,13477,26095,18143,20058,12943,23254,19574,4202,20311,11844,3335,24667,24374,23122,10892,11364,21093,10663,16628,22727,14276,3749,12406,16183,9350,19843,18522,19806,21038,7738,20839
25008,25837,24364,24011,19219,22241,20852,22882,26949,7248,10440,0,14705,13302,13028,27611,30409,17995,29512,10252,27932,9868,12058,19107,15320,23363,15407,21648,1457,21462,31852,24693,21742,6269,20631,20803,10533,6276,17686,14698,4746,16171,24188,2133,2913,22209,20450,25218,23483,32618,8249,14833,28510,19867,20758,7013,35439,3587,22730,4416,22605,21006,23534,22256,25323,19592,26359,18552,24049,25608,16954,16818,24218,26799,18235,20188,9888,20952,27026,18215,24896,23524,15134,17469,30087,22135,14054,16935,18967,23566,13784,24302,20750,10323,28615,28321,27114,19798,4980,22847,3789,25534,22948,18268,16338,14161,20175,18256,23835,22514,23798,16501,10482,18597
26061,15907,23064,22713,24267,20941,19552,10784,25650,8178,3883,16006,0,950,2075,26312,29266,20001,28874,8424,26633,14503,2107,17807,11660,22075,3642,20349,15010,21024,31213,23393,20442,10258,10700,19504,10791,10264,7756,267,12885,23220,23557,16843,11669,20910,22511,23919,22183,31319,6412,4608,27255,18571,19459,8085,35252,13374,22098,15538,21305,11994,22903,18425,22552,22930,25058,17253,22747,24977,15654,13612,15744,19450,16936,18888,12280,23424,25727,16915,23597,22892,26956,14366,27680,27368,22750,15636,25947,22267,482,23003,10819,6028,27360,27066,25815,9868,15510,22216,14810,15604,25420,16968,3380,16553,18876,8326,22536,21215,22499,23731,7966,23531
28701,15524,22681,22330,23884,20558,19169,11104,25267,7796,3501,15623,1034,0,1161,25929,28883,19619,28491,8042,26206,14120,1724,17424,11278,21681,3259,19966,14627,20641,30830,23010,20059,9875,10318,19121,10408,9882,7373,1032,12502,22837,26198,16460,11286,20527,22128,23537,21801,30936,6029,4226,26829,18188,19076,7702,34869,12992,24739,15156,20922,12314,25543,18190,23640,22547,24721,16870,22367,27618,15271,13229,15362,17325,16553,18506,11897,23041,25344,16532,23214,25533,26573,13983,28405,26985,22368,15253,25564,21884,775,22621,10437,5645,26977,26640,25432,9485,15127,24856,14427,15221,25037,16586,2997,16170,18493,7943,22153,20832,22116,23348,7583,23149
26268,16005,23162,22811,24365,21039,19650,10991,25748,8277,3982,16104,2301,1129,0,26410,29364,20100,28972,8523,26731,14601,2205,17905,11759,22173,3740,20447,15108,21122,31311,23491,20168,10356,10799,19602,10889,10363,7854,2294,12983,23318,23764,16941,11767,21008,22609,24018,22282,31417,6510,4707,27353,18669,19557,8183,35350,13473,22306,15637,21403,12201,26024,18524,22650,23028,25202,17351,22848,25184,15752,13710,15843,17806,17034,18987,12378,23522,25825,17013,23695,26014,27054,14464,28885,27466,22849,15734,26045,22365,1611,23102,10918,6126,27458,27164,25913,9966,15608,25337,14908,15702,25518,17067,3478,16651,18974,8424,22634,21313,22597,23829,8064,23630
44773,17576,4647,4138,15099,4704,6969,26469,7395,23867,23235,27926,26965,25563,25288,0,6798,11029,16497,19340,10530,30560,24414,9575,16686,3968,23015,8752,26496,5094,18836,5841,6662,27768,18054,5317,16610,27774,25293,26958,28968,14352,42269,27256,27576,4369,6452,2544,3644,8851,23072,22440,11153,7414,7518,23774,15983,24860,40811,21648,4226,23004,41615,10879,3347,10177,9002,10128,4456,43689,13946,16332,25036,13784,11045,6273,27969,11069,7134,8653,4421,41605,23039,14551,4160,9119,15353,13928,16044,7092,26045,4871,19875,20192,11258,10964,7560,20360,21620,40928,24261,22877,10560,8912,23945,32242,6271,25863,4166,4643,6557,16222,18089,13628
48100,22690,7974,8926,16125,9492,12082,31582,12137,27194,26562,30971,30292,28890,28615,5867,0,14356,21611,22666,15275,33519,27741,14363,20100,8756,26341,12079,29823,9882,23949,10583,11450,31094,21468,10105,19937,31101,28620,30285,32295,18020,45596,30583,30903,9483,9779,6395,8757,3829,26399,25767,15941,12527,12632,27101,4476,28187,44138,26860,10356,27792,44942,15992,8460,11938,13790,15323,7783,47016,18094,19015,25588,18897,15834,11061,31296,12954,9902,13442,7748,44932,28251,17093,2974,14233,18680,18716,17805,11881,29372,9612,22325,23519,16002,15752,12302,22809,26831,44255,27588,27990,12321,13700,27272,35569,11743,29190,7493,9682,11345,17984,21416,15389
38366,13532,6062,11518,9128,8024,12580,21053,15841,16226,16828,18015,20558,19156,18881,9111,13412,0,19346,12933,16780,23785,18007,7688,11616,9157,16608,4328,16867,8274,21685,13584,10648,18139,12984,6795,10203,18145,18886,20551,19339,9265,35862,17344,17948,7241,3441,8065,6064,15465,16665,16033,17446,11395,11660,17367,19398,15231,34404,13621,5451,16969,35208,10571,8169,4941,15252,6746,6896,37282,7971,9808,17292,16633,7127,7690,21562,6157,5351,7106,6280,35198,15012,8516,12933,11968,10193,7953,10808,14468,19638,13194,13840,13785,17551,17257,16006,14325,13593,34521,14349,20697,7395,7160,17538,25835,9143,19456,6682,5361,12690,11787,11682,8393
44193,8548,16445,14184,33227,12407,11018,12995,10706,28704,28072,29331,27900,26498,26223,16389,21143,19811,0,27295,9274,35029,25349,10938,15508,13541,23928,17534,28183,12490,2688,14033,11082,30784,10321,12036,18297,30790,20030,27893,33411,28990,35635,30016,32195,12376,15915,15652,13650,23196,27909,23019,8327,9834,10098,28611,34219,26547,45648,28711,14232,18733,41035,8251,14018,22802,9670,12737,16131,43109,14299,14552,11562,6851,11399,11418,32806,23818,20766,11343,16978,41024,32727,12408,20665,8137,25820,14281,28669,12906,26980,13643,11333,25474,8432,6942,10650,12705,28683,40348,27983,9403,23185,11432,24112,37079,10157,20601,15916,14648,9505,30481,19776,26253
29184,17855,16382,16030,17584,14259,12870,14901,18968,3360,6088,10379,11376,9974,9699,19629,22583,13319,21531,0,19907,14603,8825,11125,7338,15392,7426,13666,9231,14342,23870,16711,13760,5825,12649,12821,4108,5832,9704,11369,8627,16537,26680,11064,7236,14227,16034,17237,15501,24636,3804,6851,20573,11888,12776,3590,28569,7595,25222,9759,14623,13024,26026,14127,15870,16247,18378,10570,16067,28100,8972,9290,17693,16518,10253,12206,12380,16741,19044,10233,16915,26016,20274,9487,22105,14153,16068,8954,19264,15584,10456,16321,12768,4603,20634,20384,19132,11816,9731,25339,9031,17552,18737,10286,8356,16653,12193,10274,15853,14532,15816,17048,2500,16849
45836,13727,13788,6437,29413,10660,10397,21419,2217,24931,24298,28707,27367,26626,26351,8698,15939,18140,8851,20403,0,31255,25477,11646,17381,9924,24078,14552,27559,11050,8629,3919,9345,28831,15500,11273,17673,28837,28454,28021,30031,28366,43333,29392,28639,11199,15594,11685,13028,11138,24135,23503,1510,9212,8965,24837,25124,25923,41874,28087,13371,27156,42678,11740,10082,19318,1901,12113,13597,44752,13675,16062,19986,12030,10775,10797,29032,20210,16275,10719,13562,42668,32103,14280,10917,9980,27897,13657,31094,5945,27108,4507,16512,21255,1057,2614,2433,20090,28059,41991,27359,17827,19701,10808,25008,33553,9638,29024,13307,14027,6178,28877,19152,28678
16359,23917,27357,27006,24506,25234,23845,20963,29943,9572,10438,9204,14703,13300,13026,30605,33404,24294,36884,12717,30926,0,12056,22100,18418,26368,12138,24642,9239,25317,39223,27686,24735,8916,18710,23797,15084,6602,15766,14696,6083,21458,18794,11072,6668,25203,26804,28212,26476,35612,9539,12912,31504,22864,23752,9478,39545,10150,17335,12314,25598,19085,18140,25250,26845,27223,29353,21546,27043,20214,19947,19811,23754,25718,21229,23181,3295,27717,30019,21208,27890,18129,21963,20462,31973,25129,19413,19929,24326,26560,13782,27296,18829,10321,31609,31316,30108,17878,12286,17453,10547,23614,29713,21261,13579,6705,23168,16336,26829,25508,26792,21860,14723,23956
26905,13728,20885,20533,22087,18762,17373,8895,23471,5999,2425,13827,3200,1797,1522,24133,27087,17822,26695,6245,24453,12324,0,15628,9481,19895,1463,18170,12831,18845,29033,21214,18263,8079,8521,17325,8612,8085,5577,3192,10706,21040,24401,14664,9490,18731,20331,21740,20004,29140,5203,2429,25065,16392,17279,5905,33072,11195,22943,13359,19126,8896,23747,16246,20373,20751,22925,15074,20570,25821,13475,11432,13565,15529,14757,16709,10101,21244,23547,14736,21418,23737,24777,13817,26608,25188,20571,13457,23768,20087,2279,20824,8640,3848,25181,24887,23636,7688,13331,23060,12631,13425,23240,14789,1201,14374,16696,6147,20356,19036,20319,21551,5786,21352
36244,8084,8696,8850,19821,5355,4601,15605,10699,14103,14705,19114,18436,17033,16759,9747,14498,7807,11572,10810,11682,21662,15884,0,6168,6489,14485,4234,17966,5590,13911,8442,5491,19238,7536,4287,8080,19244,11152,18429,20438,18773,33740,19799,19047,5324,8852,8588,6586,16551,14542,13910,12260,3620,4508,15244,20883,16331,32282,18494,6015,11521,33086,3134,6966,12044,10153,1111,8382,35160,4083,6469,11844,4622,1106,3937,19440,13260,15554,2173,9229,33075,22510,3068,12094,2943,18304,4065,21501,7316,17515,8052,8393,11662,12365,12115,10864,8877,18466,32399,17766,15250,14497,958,15415,23712,3924,11722,8167,7585,7548,19285,9559,19085
31580,9089,13682,13073,18955,11301,9912,14450,16011,9440,10042,14451,13772,12370,12095,15283,19884,10614,18574,6146,16949,16999,11221,6738,0,12435,9821,9343,13303,11385,20913,13753,10802,14574,5508,10137,7215,14581,7279,13765,15775,17908,29076,15136,14383,11270,13129,14546,12544,21937,9879,9247,17615,8931,9819,10581,25870,11667,27618,13831,11923,10366,28422,8943,12912,14852,15421,5916,13368,30496,5002,2681,11257,10368,7296,9249,14776,18112,16345,7276,14215,28412,21645,3414,18040,8752,17439,4984,20636,12627,12852,13364,4519,6999,17677,17426,16175,5004,13803,27735,13103,14094,17305,7329,10752,19049,9236,7849,13154,11833,12859,18419,4896,18220
44359,16140,5887,2391,15604,2956,5533,25033,7800,23453,22821,27230,25890,25149,24874,3288,8038,12269,15061,18271,8783,29778,24000,7826,13564,0,22600,7194,26082,3345,17400,5543,4914,27353,16617,3568,16196,27360,20887,26544,28554,15933,41855,27915,27162,3495,7693,3785,5173,10092,22658,22026,9405,5978,6082,23360,12624,24446,40397,24773,5470,18916,41201,9443,750,11417,7254,8379,5696,43275,12198,14584,23600,12348,9298,4525,27555,12310,8374,6905,5662,41191,26164,10463,5635,7683,16593,12180,17284,5345,25631,5119,18128,19778,9510,9216,7965,18613,24745,40514,25501,21441,11800,7164,23531,32076,4834,21457,5407,6171,4809,22939,17675,14868
26189,13900,20115,19764,21318,17992,16603,10946,22702,5283,2667,13111,4871,3469,3194,23363,26317,17053,26868,5476,23640,11608,2320,14859,8432,19126,0,17400,14122,18076,29206,20444,17493,7363,8694,16555,7842,7370,5749,4864,9990,20271,23685,15955,8774,17961,19562,20971,19235,28370,4488,1510,24306,15622,16510,5190,32303,12486,22227,14650,18357,9069,23031,16419,19603,19981,22112,14304,19801,25105,12706,10383,13738,15701,13987,15940,9385,20475,22778,13967,20648,23021,24008,11137,25839,25361,19802,12687,22998,19318,3951,20055,8813,2623,24368,23759,22866,7861,14622,22344,13922,13597,22471,14020,1119,13658,15927,6319,19587,18266,19550,20782,4737,20583
39046,10970,6914,7623,16507,4128,3952,18491,11863,16905,17507,21080,21238,19835,19561,8520,13271,5301,14427,12776,12845,24465,18686,3689,9054,5262,17287,0,19933,4363,16765,9606,6742,21204,10422,3060,10047,21210,14038,21231,22404,15460,36542,21528,21013,4097,7625,7361,5359,15324,17344,16712,13424,4784,5672,18046,19102,18297,35084,17805,4788,14407,35888,6691,5739,9539,11273,4184,6600,37962,6049,8435,14730,8180,3149,3955,22242,10754,9576,2768,7447,35877,19197,5954,10867,6501,14991,6031,18187,8479,20317,9216,11279,14465,13529,13279,12028,11763,17777,35201,18533,18136,11996,3026,18217,26514,5237,14608,6386,5065,8712,15971,11526,15772
25158,24809,23335,22983,18058,21212,19823,21854,25921,7898,11090,1148,15355,13952,16653,26583,29537,16907,28485,9223,26860,10018,12708,18078,14292,22335,14379,20620,0,21295,30823,23664,20341,6919,19602,19775,9504,6925,16658,15348,4896,15010,24338,1833,3063,21181,19289,24190,22454,31590,8899,13804,27482,18842,19730,7663,34278,2558,22880,3388,21576,19977,25574,21228,24294,18503,25375,17524,23021,25758,15925,15789,24646,25771,17207,19159,10038,19791,20617,17186,23868,25564,13973,16440,29058,21107,12965,15907,17878,22537,14434,23274,19721,11556,27631,27293,26086,18769,3819,22997,2537,24505,21787,17239,15309,14311,19146,17228,22807,21486,22770,15412,9453,17508
40385,12820,5674,4374,14333,1389,2212,21712,9784,18244,18846,23255,22577,21174,20900,5271,10022,9162,11741,14951,10766,25804,20026,5532,11929,2013,18626,4900,22107,0,14079,7527,2098,23379,13297,1274,12221,23385,16913,22570,24579,14049,37881,23940,23188,1598,5144,4631,2879,12075,18683,18051,11036,2657,2762,19385,17861,20472,36423,22636,3461,17282,37227,6122,2491,10147,9237,6662,5360,39301,8224,10610,15718,9027,5323,2612,23581,11162,11535,5267,6207,37216,22274,8829,7618,4363,15049,8206,16013,6047,21656,7102,14153,15804,11493,11200,9948,14638,22608,36540,21907,18120,12196,5356,19557,27853,1514,17483,5145,3877,6279,16192,13700,13598
46855,11210,19107,14483,35889,15069,13680,15657,10282,31366,30734,31993,30562,29160,28885,17429,22179,22473,3090,23689,8850,37691,28011,13600,18170,16203,26589,20196,30845,15152,0,11981,13744,33446,12982,14698,20959,33452,22692,30555,36073,32632,38297,32678,34857,15038,18577,18313,16311,24233,30570,25681,7904,12495,12760,31273,36881,29209,42893,31373,19960,21395,43697,10913,16680,25464,9246,15399,18792,45771,16961,17214,14224,9513,14061,14080,35468,26480,23427,14005,19640,43686,36369,15069,21701,10799,28482,16943,31331,12186,29642,12936,13995,28136,8009,6518,10227,15367,31345,43010,30645,12065,25847,14094,26774,39741,12819,23262,18578,17310,10423,32163,22438,28915
42327,14820,10227,3500,19943,7033,6955,23712,2563,21313,20680,25089,24411,23009,22734,5760,12378,16608,12068,16785,4183,27638,21860,8029,13763,6297,20460,11272,23942,7423,11889,0,5780,25213,15131,7646,14056,25219,18747,24404,26413,24749,39823,25882,25022,7572,12032,8124,9586,14431,20517,19885,4926,5595,5347,21220,21563,22306,38365,24470,9809,19116,39061,8122,6520,15756,3639,8496,10035,41135,10058,12444,22279,11028,7158,7355,25415,16649,12714,7101,10001,39051,28485,10663,7979,6363,24280,10040,21623,2328,23491,1211,15988,17638,5895,5601,2728,16472,24442,38374,23742,20121,16139,7190,21391,29688,6073,19317,9746,10584,2560,25368,15535,19208
39383,11818,9374,3824,16417,2756,2331,20711,7223,17242,17845,22253,21575,20173,19898,6774,11525,11246,10739,13949,8205,24802,19024,5193,10927,3446,17624,6975,21106,2098,13078,4966,0,22377,12295,3349,11220,22384,15911,21568,23577,16474,36879,22939,22186,3689,7228,6063,4963,13578,17681,17049,8828,1656,947,18384,19945,19470,35421,21634,5545,16280,36225,5120,3923,12231,6677,5660,7444,38299,7222,9608,14716,8026,4322,2731,22579,13246,14653,4265,8291,36215,25650,7827,11046,3361,17133,7204,18097,3839,20655,4576,13152,14802,8933,8639,7388,13636,21606,35538,20906,17119,17073,4354,18555,26852,1450,16481,7229,5961,4071,22424,12699,15682
23105,19637,24578,24227,19362,20954,21066,16683,27164,2966,6158,6300,10423,9020,8746,26325,29279,18210,32604,5925,28147,6470,7776,19321,15535,22087,7858,21863,6641,22538,34943,24907,21956,0,14430,21018,10747,133,11486,10416,2235,16314,20601,8474,3300,20923,20593,25434,23697,31332,3967,8632,27268,20083,20973,2731,35582,5006,19143,7170,22819,14805,19947,20822,25537,19807,26575,18767,22763,22021,17168,17032,19474,21438,18450,18901,6301,21095,27241,18429,25111,19936,18830,17684,28800,22350,14269,17150,19182,22279,9502,24517,14549,6041,28831,27079,27329,13597,7142,19260,6441,19334,23091,18482,9299,10573,20390,12056,24050,22729,24013,16716,10697,18811
35127,4460,15097,14477,21985,11650,11317,11393,17415,14221,13588,18272,13417,12014,11740,16041,20792,12228,12607,9968,18397,20546,10866,7183,6631,12783,9444,9787,17125,11884,14946,15158,12207,16301,0,10582,10245,16307,5491,13410,18928,20938,32623,18958,18205,11618,16214,15950,13948,22845,13425,8536,18976,10336,11224,14128,27285,15489,31165,17653,13339,7309,31969,7849,13261,16465,16825,6360,14783,34043,8505,5711,7632,7131,7702,10653,18323,17681,17760,8680,15630,31959,24674,5420,18388,9196,20469,8487,23665,14031,12496,14768,2731,10990,19081,16362,17580,3216,17625,31282,16925,11037,18918,8733,9629,22596,10640,6061,14569,13248,14264,21449,8718,21250
38779,13482,5094,4563,13753,1068,1284,19432,9972,17873,17240,21649,20971,19569,19294,5460,10210,8582,12403,13345,10954,24198,18420,4258,9995,2201,17020,3626,20502,1302,14742,7715,3371,21773,11363,0,10616,21779,14979,20964,22973,13469,36275,22335,21582,1037,4564,4301,2299,12263,17077,16445,11577,3320,3424,17780,17282,18866,34817,21030,2331,15348,35621,7260,2679,9567,9426,4811,4780,37695,6618,9004,15671,9690,3718,1287,21975,10582,10955,3337,5627,35611,21694,6895,7807,5025,14469,6600,15434,6710,20051,7291,12220,14198,11682,11388,10137,12704,21002,34934,20302,18783,11616,3595,17951,26248,2176,15549,4566,3297,6981,15612,12095,13018
30840,12021,13164,12812,14367,11041,9652,16556,15750,6412,9301,10675,13032,11629,11354,16412,19366,10101,18314,3119,16689,16258,10480,7907,5737,12174,9081,10449,9527,11124,20652,13493,10542,10799,10451,9604,0,10805,11360,13024,11999,13319,28336,11360,10608,11010,12817,14019,12283,21419,9138,8506,17355,8671,9559,6641,25352,7891,26877,10055,11405,14679,27682,10909,12652,13030,15160,7353,12850,29756,5754,5618,19348,15600,7036,8988,14036,13523,15826,7015,13697,27671,17056,6269,18887,10936,12850,5736,16047,12366,12111,13103,9117,6258,17460,17166,15915,9602,10027,26995,9327,19207,15520,7068,10011,18308,8975,11930,12636,11315,12599,13831,2892,13631
23111,19643,24584,22732,19368,20960,21072,16689,27171,2972,6164,6306,10429,9026,8752,26331,29285,18216,32610,5931,28153,6476,7782,19328,15541,22094,7864,21869,6648,22545,34949,24913,21962,133,14436,21024,10753,0,11492,10422,2241,16320,20607,8480,3307,20929,20599,25440,23704,31338,3973,8638,27274,18590,20979,2737,35588,5012,19149,7176,22825,14812,19953,22161,24072,19813,26581,18773,24270,22027,17174,17039,19480,21444,18456,18907,6307,21101,27247,18435,25117,19942,18836,17690,28806,22356,14275,17156,19188,23787,9508,24524,14555,6047,28837,27085,27335,13604,7148,19266,6448,19340,23097,18489,9306,10580,20396,12062,24056,22735,24019,16722,10703,18818
30485,8362,18253,17633,24011,14805,22704,8415,18062,9579,7025,17963,8774,7372,7097,28074,32829,15383,21329,8169,19334,15903,6223,10338,7293,25226,4802,12943,16815,24176,23668,25718,22767,11659,3156,13737,10535,11665,0,8767,14285,22964,27981,18648,13069,24061,27601,27337,25335,34882,8783,3894,19606,21519,21784,9485,45904,15179,26522,17343,16494,4330,27327,12642,16416,19621,17806,9515,17939,29401,11660,8866,8199,11905,10857,13809,13681,23168,32451,11836,18786,27316,26701,8575,30831,19823,22495,11642,25692,24592,7854,25328,3632,6348,19711,18221,18007,3205,17315,26639,16615,8059,25164,11889,4987,17953,21842,781,17725,16404,24824,23475,7430,23276
24321,16906,24063,23712,25266,21940,20551,10776,26649,9177,4882,17005,267,1053,2067,27311,30265,21000,29873,9423,27632,12106,3106,18806,12659,23074,4641,21348,16009,22023,32212,24392,21441,11257,11699,20503,11790,11263,8755,0,13884,24218,27579,18872,14469,21909,23510,24918,23182,32318,7411,5607,28210,19570,20458,9084,36251,14373,26121,16537,22304,11987,22895,21186,23551,23929,26059,18252,23749,23238,16653,14611,16743,18707,17935,19887,9883,24423,26726,17914,24596,22885,27955,17168,29786,28367,23749,16635,26946,23266,409,24002,11818,7027,28359,26765,26814,10867,16509,22208,15809,16603,26419,17967,4379,12038,19874,9325,23535,22214,23498,24730,8964,24530
20306,20760,24200,23848,20222,22077,20688,17806,26786,5611,7281,5955,11546,10143,9869,27448,30402,21137,33727,11327,27768,5166,8899,18943,15261,23210,8981,21485,5989,21299,36066,24529,21578,4633,15553,20640,11927,4639,12609,11539,0,17174,19486,7822,3419,22046,23647,25055,23319,32455,6382,9755,28347,19707,20595,5376,36388,5867,18028,8030,22441,15928,18832,22093,25159,20667,26240,18389,23886,20906,16790,16654,20597,22561,18072,20024,4786,24559,26862,18051,24733,18821,18714,17305,29923,21972,15130,16772,20043,24642,10625,24139,15672,7164,28496,28159,26397,14720,8002,18145,7298,20457,26556,18104,10422,9459,20011,13179,23672,22351,23635,17576,11557,21071
38222,20288,11657,16508,3602,13838,15655,26671,21918,17388,19416,16285,23147,21744,21469,14117,17071,7097,25184,18713,22900,21588,20595,14444,15852,14971,19196,11084,15137,14088,27522,19661,16151,16409,20221,13675,12791,16415,21474,23139,17609,0,35718,15614,16218,13055,9255,14188,12312,19124,18389,18621,23523,16100,16205,17152,20327,13502,34260,11891,12396,24794,35064,17327,14291,4611,21372,13501,11300,37138,15847,15712,29463,25856,13883,14631,21418,5941,8260,13862,10494,35054,9688,16363,16593,17806,3067,15829,5274,19490,22226,19236,19232,16373,23628,23334,22082,19717,11863,34377,12620,31636,7047,13915,20126,25691,14957,22045,11097,11766,18927,4715,14270,2925
13439,36187,39628,39276,40830,37505,36116,25676,42214,21842,22708,23923,22331,22634,22347,42875,45829,36565,54097,24988,43196,17251,24326,34371,32201,38638,24408,36912,23957,37588,56436,39957,37006,20325,30981,36067,27354,20276,28036,22324,20802,35473,0,25790,21387,37473,39074,40483,38747,47882,21810,25183,61340,35134,36022,21748,51815,24165,3583,26329,37869,26886,983,52705,39116,39493,41624,33816,39313,1171,32218,32082,43572,51304,33499,35452,16682,39987,42290,33479,40161,1021,37989,32733,45351,52591,33428,32200,38341,38830,22576,39567,31100,22591,43924,59955,41825,30148,26301,2228,25601,43140,41983,33532,25279,12623,35439,28606,39099,37778,39062,35875,26994,37971
26788,26424,24950,24599,18509,22827,21438,23470,27537,9513,12705,2955,16970,15568,15293,28198,30997,17358,30100,10838,28519,11649,14323,19693,15907,23961,15994,22235,2045,22911,32439,25279,22328,8534,21217,21390,11119,8541,18273,16963,6527,15461,25968,0,4693,23541,19740,24673,24070,33205,10514,15419,29141,20455,21345,9278,34730,3531,24510,3735,23191,21593,25314,22696,25909,18954,26947,19139,24636,27388,17540,17405,26261,27387,18822,20775,11668,20242,21069,18801,22580,25304,14425,18612,30674,22722,13416,17522,18330,24153,16050,24890,21336,13172,29203,28909,27701,20385,4271,24627,3040,26121,22238,18855,16925,15941,20762,18843,24422,23101,24385,15863,11069,17959
22184,21095,24252,23901,19035,22129,20740,18141,26838,4424,7616,3241,11881,10479,10204,27500,30454,17884,34062,10140,27821,7045,9234,18995,15209,23263,9316,21537,3276,22212,36401,24581,21630,3446,15889,20692,10421,3452,12944,11874,1923,15987,21364,5109,0,22098,20266,25107,23371,32507,5426,10091,28399,19759,20647,4189,35256,4680,19906,6843,22493,16264,20710,22145,25211,19480,26292,18441,23938,22784,16842,16706,20933,26688,18124,20076,7064,20768,21595,18103,24785,20700,16000,17357,29975,22024,13943,16824,18856,23455,10961,24191,16008,7499,28548,28211,27003,15056,6815,20023,3405,20792,22765,18156,10758,11337,20063,13514,23724,22403,23687,16389,10370,18485
41215,13650,5313,4457,13972,539,3043,22543,9867,19075,19677,24086,23408,22005,21730,5354,10105,8801,12571,15782,10849,26634,20856,5316,11054,2096,19457,4684,22938,1472,14910,7609,3540,24210,12421,1058,13052,24216,17743,23400,25410,13687,38712,24771,24019,0,4783,3595,2517,12158,19514,18882,11471,3488,3593,20216,17500,21302,37253,20521,2267,16406,38057,6953,2574,9785,9320,5869,4998,40132,9054,11441,21110,9858,6154,2014,24411,10801,11174,4395,5846,38047,21912,9659,7701,5193,14688,9036,15652,6878,22487,7185,13278,16634,11576,11282,10031,13763,20493,37370,22738,18951,11834,4654,20387,28684,2345,18313,4784,3516,6876,15831,14531,13236
41146,17268,2405,8338,10164,4843,6660,26160,13747,20240,19607,21108,23338,21935,21661,5930,9311,4832,16189,15712,14729,26565,20787,8938,12633,5976,19387,5124,19960,5093,18527,11490,7467,21232,14001,4680,12982,21238,21666,23331,22432,10221,38642,20437,21041,4061,0,5193,3317,11364,19444,18812,15352,7105,7210,20146,13907,18324,37184,16714,3401,18591,37988,10570,5297,5978,13201,9491,2770,40062,12672,12060,24727,13475,9771,5636,24342,6994,4310,9715,2734,37977,18105,10138,8832,8811,10881,12654,11845,10495,22417,11232,15463,16565,15589,15251,13912,19086,16686,37301,17442,22568,7736,8275,20318,28863,5962,22236,3206,2771,10727,12023,14461,9429
43984,16885,3858,4439,13574,4145,6278,25778,9848,23079,22446,27321,26177,24774,24499,2049,6009,10240,15806,18551,10831,29403,23625,8556,14293,3235,22226,7963,25707,4534,18145,7591,6962,26979,15661,4298,15821,26985,24505,26169,28179,13563,41481,24680,26788,3678,5664,0,2953,8062,22283,21651,11453,6723,6828,22985,10595,24071,40022,22744,3535,21347,40827,10188,2656,9388,9302,9108,3667,42901,12290,14676,24345,13093,9389,5254,27180,10280,6345,7634,3632,40816,24135,11193,5531,8429,14564,12271,15255,7393,25256,7167,16517,19403,11558,11264,9396,17002,22716,40139,23472,22186,9771,7893,23156,31453,5580,25075,3377,5567,6857,15433,17300,12839
40028,14037,2795,8434,11476,4541,6359,21558,13844,19122,18490,22898,22220,20818,20543,6043,8997,6283,18130,14594,14783,25447,19669,7328,12121,5675,18269,4006,21751,4792,20469,11587,7166,23022,13489,4101,11865,23028,20548,22213,24222,11191,37524,22511,22831,3759,2251,4898,0,11050,18326,17694,15448,10179,10444,19029,14983,20115,36066,18787,2284,17474,36870,12512,5001,7289,13298,7251,2481,38944,8476,10942,17797,15417,6563,4996,23224,8305,8657,6407,3328,36860,20179,9021,8519,10753,12192,9445,13156,13252,21300,11162,14345,15447,15510,15260,14008,14830,18759,36183,19516,24510,11076,6666,19200,27497,5661,21118,2267,998,10853,16953,13344,10741
50178,24767,10052,11004,18203,11570,14160,33660,14215,29272,28640,33048,31709,30968,30693,7945,3874,16433,23689,24744,11905,35597,29819,16441,22178,10834,28419,14156,31901,11960,26027,12661,13528,33172,23639,12183,22015,33179,30698,32363,34372,18549,47674,32661,32981,11560,11857,8473,10835,0,28476,27844,12926,14605,14710,29179,7105,30265,46216,28937,12434,29870,47020,18070,10538,14016,15868,16994,9860,49094,20812,23198,32227,20975,17911,13139,33374,15032,11980,15519,9826,47010,30329,19078,3979,16311,20757,20794,19883,13958,31450,11690,26741,25597,12642,17830,14380,27226,28909,46333,29666,30068,14399,15778,29350,37895,13821,31268,9571,11760,13423,20061,23494,17467
24378,16162,19603,19251,20805,17480,16091,13208,22189,1004,3337,8378,7602,6200,5925,22851,25805,16540,29130,3904,23171,9796,4955,14346,10664,18613,4383,16888,8719,17563,31468,19932,16981,3967,10956,16043,7330,3973,8012,7595,6769,19758,21874,10552,5378,17449,19049,20458,18722,27858,0,5158,23794,15110,15997,842,31790,7083,20415,9247,17844,11331,21220,17348,20562,19469,21643,13792,19288,23294,12193,12057,16000,17964,13475,15427,7574,19962,22265,13454,20136,21209,23495,12708,25326,17375,19289,12175,22486,18805,6682,19542,11075,2566,23899,23561,22354,10123,9219,20533,8519,15859,21958,13507,5825,11846,15414,8582,19074,17754,19037,20269,6969,20070
26883,12236,19207,18856,20410,17084,15695,9282,21793,5977,3423,14361,5624,4221,3947,22455,25409,16145,25203,4568,22732,12302,3073,13950,7524,18218,1459,16492,13214,17167,27542,19536,16585,8057,7029,15647,6934,8063,4085,5617,10684,19363,24379,15047,11269,17053,18654,20063,18327,27462,5181,0,23398,14714,15602,5884,31395,11578,22921,13742,17448,7404,23725,14754,18695,19073,21247,13396,18893,25799,11797,9475,12073,14037,13079,15032,10079,19567,21870,13058,19740,23715,23099,12325,24931,23697,18894,11779,22090,18410,4703,19147,7148,2747,23460,22094,21958,6197,13714,23038,13014,11933,21563,13112,1385,14352,15019,4655,18679,17358,18642,19874,3829,19675
46054,13933,14006,8461,29631,10878,10615,20494,3104,25149,24516,28925,28247,26844,26569,11407,16157,18358,7926,20621,1324,31473,25695,11865,17599,10142,24296,14770,27777,11268,7704,5959,9563,29049,15705,11632,17891,29055,27529,28239,30249,28584,43551,29610,28858,11417,15812,11903,13246,12026,24353,23721,0,9430,9183,25055,25342,26141,42092,28305,13589,26231,42897,11958,10300,20514,3224,12331,13815,44971,13893,16280,19061,12236,10993,11015,29250,20429,16493,10937,13781,42886,32321,14498,15679,10199,28115,13875,31312,6164,27326,6914,16718,21473,482,2113,3319,18090,28277,42209,27577,16902,19919,11026,25226,33771,9856,28099,13526,14245,6396,29095,19370,28896
37500,11624,7304,5044,15964,3267,1878,20517,7982,15360,15962,20371,19692,18290,18015,7248,12003,10792,10545,12066,8964,22919,17141,3310,9045,4400,15741,6521,19223,3350,12884,5725,2401,20494,10412,2895,9337,20501,14028,19685,21695,15679,34996,21056,20303,3235,6775,6511,4509,14056,15799,15167,9587,0,1790,16501,19492,17587,33538,19751,5091,14397,34342,4927,4878,11777,7436,3777,6990,36416,5339,7725,14720,7832,2439,2278,20696,12793,14460,2383,7837,34332,23767,5944,10006,3168,16680,5321,17644,4598,18772,5335,11269,12919,9692,9398,8147,11754,19723,33655,19023,16925,16880,2471,16672,24969,1016,14598,6776,5508,4830,20541,10816,15228
38672,11107,8010,5673,26403,3972,2583,19999,6809,17766,17133,21542,20864,19461,19187,8619,13370,12988,10028,13238,7791,24091,18313,4482,10216,5514,16913,7227,20394,4055,12366,4552,927,21666,11584,3601,10508,21672,15200,20857,22866,16725,36168,22227,21475,3941,7480,7217,5215,15423,16970,16338,8414,1399,0,17672,27395,18759,34710,20923,5797,15569,35514,4409,5992,12483,6263,4949,7696,37588,6511,8897,18566,7314,3610,2983,21868,13498,13942,3554,8543,35503,24938,7116,12891,2650,20732,6493,18349,3425,19943,4162,12440,14091,8519,8225,6974,12925,20895,34827,20194,16407,16362,3643,17844,26141,1553,15770,7481,6213,3657,21713,11987,19430
24255,17550,20990,20639,22193,18867,17478,14596,23576,326,4071,7141,8336,6933,6659,24238,27192,17927,30517,3741,24428,9674,5689,15733,11577,20001,5771,18275,7482,18950,32856,21319,18368,2731,12343,17430,6789,2737,9399,8329,5533,17155,21751,9315,4141,18836,20437,21845,20109,29245,973,6545,25181,16497,17385,0,33178,5847,20293,8011,19231,12718,21097,18735,20478,20856,23030,15179,20676,23171,13580,13444,17387,19351,14862,16814,7451,21350,23653,14841,21523,21087,19671,14095,26713,18762,15110,13562,20023,20193,7415,20929,12462,3954,25286,24862,23741,11511,7983,20410,7282,17247,23346,14894,7213,11724,16801,9969,20462,19141,20425,17557,6738,21457
57740,35502,12874,13453,18024,17338,19155,44395,16664,36834,36202,35372,39271,38530,38255,10393,4455,23996,34423,32306,19845,43159,37381,25040,29833,13283,35981,21719,34225,17588,36762,15110,15977,35496,31201,17175,29577,35502,38260,39925,36696,21840,55236,34702,35305,16555,14168,10922,15811,7471,36038,35406,20468,26472,26737,36741,0,32589,53778,30979,15924,35186,54582,28805,12987,16328,18317,24963,13257,56656,30938,24583,38400,31710,28038,18131,40936,16660,16401,27981,12338,54572,23977,26733,7500,27045,22154,30920,20358,16407,39012,14139,32058,33159,20573,20279,16829,32542,30950,53895,31707,40803,10659,28070,36912,45209,18457,38830,13054,15251,15872,21339,31056,18987
26886,22962,21489,21137,15548,19366,17977,20008,24075,6052,9243,3595,13509,12106,11831,23347,27535,14396,26638,7377,25014,10252,10862,16232,12446,20499,12533,18774,2447,19449,28977,21818,18867,5073,17756,17929,7658,5079,14812,13501,6273,12500,24382,3849,4001,19335,16779,22344,20608,29744,7053,11958,25680,16996,17883,5816,31768,0,22924,1795,19730,18131,23728,19234,20977,15993,23485,15678,21175,25802,14079,14397,22800,20992,15361,17313,10082,17281,18107,15340,22022,23718,15016,14594,27212,19261,10455,14061,15368,20691,12588,21428,17875,9710,25741,25447,24240,16923,2528,23041,1471,22659,19277,15393,13463,14355,17300,15382,20960,19640,20923,12902,7607,14997
11802,34550,37991,37639,39193,35868,34479,29131,40577,20205,21071,22286,23604,23934,23659,41238,44037,34928,54103,23351,41516,15614,22690,32734,30564,37001,22771,35275,22321,35951,56442,38320,35369,18688,29344,34431,25718,18639,26400,23597,19165,33836,3311,24153,19750,35836,37437,38846,37110,46246,20173,23546,42182,33498,34385,20112,50178,22528,0,24692,36232,29719,1114,52710,37479,37857,40031,32179,37676,3196,30581,30445,34388,51310,31862,33815,15045,38350,40653,31842,38524,1103,35045,31096,43714,52597,31791,30563,36705,37193,24416,37930,29463,20954,42287,41993,40742,28511,24664,720,23964,43146,40346,31895,24213,10986,33802,26970,37462,36142,37425,34238,25357,38458
29094,25170,18338,23345,14705,21573,20184,22216,26282,8259,11451,4586,18691,14313,14039,21606,29898,13553,28846,9584,27265,12459,13069,18439,14653,22707,14740,17574,3438,21656,31184,24025,21074,6301,19963,20136,9865,6307,17019,18684,6875,11657,26590,5436,5041,19736,15936,20869,22815,31951,9260,14165,27843,19203,20091,7044,30925,1663,25131,0,21937,20338,25936,21589,20972,15150,25736,17885,23382,28010,16286,16150,25007,26132,17568,19520,12290,16438,17264,17547,18775,25925,14173,16801,29419,21468,9612,16268,14525,22899,17770,23635,20082,11918,27992,27655,26447,19131,516,25249,725,24867,18470,17600,15671,16562,19508,17589,23168,21847,23131,12059,9814,14155
40560,14710,3327,5769,12094,2285,4102,23602,11189,18419,19022,23430,22752,21350,21075,3379,8133,6816,13631,15126,12303,25979,20201,6380,12117,3418,18801,4539,21890,2535,15969,8921,4599,23554,13485,2122,12397,23561,21080,22745,24754,11810,38056,22367,23363,1503,2905,2641,640,10186,18858,18226,12794,4547,4652,19561,15515,20647,36598,18644,0,17470,37402,8012,2745,7908,10643,6933,3013,39476,10114,12500,22169,10917,7213,3078,23756,8923,9189,5459,3860,37392,20035,10719,7655,6253,12811,10096,13775,7937,21832,8497,16043,15979,13031,12605,11486,14826,18615,36715,19372,20010,9957,7246,19732,28029,3404,21650,2799,662,8187,13953,13876,11359
33561,7381,19315,24889,27087,23112,21723,4718,17082,12655,10101,21039,11476,9629,9354,27094,31848,16445,20348,11245,18677,18979,8480,11401,8892,24245,7878,14005,19891,23195,22687,24737,21786,14735,4218,22740,13611,14741,3981,11469,17361,26040,26382,21724,17946,23081,26620,26356,24354,33901,11859,6970,18626,20538,20803,12561,31503,18255,29598,20419,17556,0,30403,11661,24723,20683,16825,10578,19001,32477,12723,9929,7219,10925,11920,22123,16757,26244,31470,12898,19848,30392,29777,9638,31370,18842,25571,12704,28768,23611,10111,24348,5230,9424,18731,17240,17026,6092,20391,29715,19691,7078,23136,12951,6023,21029,20862,4551,18787,17466,17418,26551,10506,26352
12719,35467,38908,38556,37801,36785,35396,30047,41494,21122,21988,23203,24521,24851,24537,40766,44954,35845,54033,24268,42476,16531,23606,33651,31481,37918,23688,36192,23237,36007,56372,39237,35913,19605,30261,35347,26634,19556,27316,22067,20082,34753,817,25070,20667,36753,38354,39763,38027,47162,21090,24463,43055,34412,35302,21028,51095,23445,802,25609,37149,30636,0,52641,39866,38773,40947,33096,38593,1442,31498,31362,43508,51241,32779,34732,15962,39267,41570,32759,39441,41,37269,32013,44631,52527,32708,31479,37621,38110,25333,38847,30380,21871,43160,59891,41658,29428,25581,972,24881,43076,41263,32812,25130,11903,34719,27886,38379,37058,38342,35155,26274,39375
37146,5251,11078,8818,27860,7041,5652,15153,10923,15006,15608,20017,19338,17936,17661,11022,15777,10585,9030,11712,11906,22565,16787,2749,7155,8174,15387,6859,18869,7124,11369,8666,5715,20140,7084,6669,10860,20147,10700,19331,21341,21553,34642,20702,19949,7009,10549,10285,8283,17830,15445,15355,12485,4467,4732,16147,28852,17233,33184,19397,11932,11069,33988,0,8652,17436,10377,3736,10764,36062,6862,7366,9796,1735,3731,6052,20342,18451,15399,3893,11611,33978,25290,4055,13779,1936,21084,6844,24281,7540,18418,8276,7940,12565,12590,12417,11088,8425,19369,33301,18669,15410,17819,3495,16448,24863,4790,11270,10550,9281,7772,22064,10462,21865
42800,15234,5496,3501,14472,2050,4627,24127,8911,21894,21261,25670,24992,23589,23315,2897,7647,9301,14156,17366,9893,28219,22440,6921,12658,750,21041,6289,24522,2440,16494,6653,3880,25794,14026,2663,14636,25800,17642,24985,26994,14528,40296,26355,25603,2589,5283,2822,3017,9700,21098,20466,10515,5072,5177,21800,16832,22887,38838,21021,3599,18011,39642,8537,0,10285,8364,7474,5305,41716,10639,13025,18133,11442,7738,3619,25996,11301,7983,5999,5270,39631,22412,9558,7168,6778,15188,10621,16152,5514,24071,6229,14882,18219,10620,10326,9075,15367,20993,38955,24322,20535,11409,6258,21971,30268,3929,18212,5015,4016,5920,16331,16115,13736
40598,18769,8221,13269,4186,10401,12219,26315,18679,18458,19060,18215,22791,21388,21113,10878,13832,7212,25001,15165,19661,26017,20239,12925,15496,11535,18840,9566,18440,10652,27339,16422,13026,19712,19865,10238,12435,19718,21118,22783,20912,4533,38095,18917,19521,9619,5819,10751,8875,15885,18897,18265,20240,12664,12768,19599,17737,16804,36636,15194,8960,24438,37441,19382,10855,0,18133,11983,8061,39515,15491,15356,29107,22287,16773,11195,23794,2054,4598,16752,7255,37430,10694,16007,13354,17623,6370,15473,5867,16223,21870,15997,18876,16017,20389,20095,18843,19361,15166,36753,15922,31380,4050,12397,19770,28067,11521,21689,7858,8330,15688,6045,13914,3451
45620,13850,12874,6148,29197,9681,10180,22386,1927,24714,24081,28490,27812,26409,26135,8408,15025,19255,9818,20186,2242,31039,25260,11430,17164,8945,23861,13919,27342,10070,9596,3629,8427,28614,18532,10293,17456,28620,22148,27805,29814,28149,43116,29175,28423,10220,14679,10771,11898,11066,23918,23286,2984,8995,8748,24620,24210,25707,41658,27870,12456,22517,42462,11523,9167,18404,0,11896,12682,44536,13459,15845,16748,14428,10558,10580,28816,19296,15361,10502,12648,42451,31886,14063,10627,9764,27680,13441,30877,5729,26891,4217,19388,21039,2550,3308,952,19873,27842,41775,27142,18794,18787,10591,24791,33088,8720,22718,12393,13810,5961,28661,18935,21855
35413,7338,9220,9374,19568,5880,5277,14860,11375,13273,13875,18284,17606,16203,15928,10271,15022,7934,13938,9980,12357,20832,15054,1111,5423,7013,13655,4758,17136,6114,16277,9118,5795,18408,6791,4812,7828,18414,10406,17598,19608,18521,32910,18969,18217,5848,9376,9112,7110,17075,13712,13080,12980,4295,5183,14414,22992,15500,31451,17664,6539,10775,32255,4378,7491,12172,10829,0,8906,34330,3830,5634,11098,5602,1630,4613,18609,13388,13467,2640,9753,32245,22257,2322,12618,4187,18052,3812,21248,7991,16685,8728,7647,10832,13085,12791,11540,8132,17636,31568,16936,14504,14625,1957,14585,22882,4600,10976,8692,8109,8223,19032,8729,18833
42214,18308,419,6919,10837,5883,7701,27201,12329,20074,20676,22351,24407,23004,22729,4528,7482,8470,17229,16781,13177,27633,21855,9515,14308,6749,20456,6193,23937,6134,19568,10071,8508,25209,15676,5721,14051,25215,22734,24399,26409,10826,39711,21680,25018,5101,2193,4330,4357,9535,20513,19881,13933,8146,8251,21215,13500,19567,38252,17957,4470,19660,39057,11611,5189,6651,11782,9437,0,41131,13712,13129,19983,14516,10812,6677,25321,7543,3608,8593,1813,39046,22365,11207,7003,9851,11827,13694,12518,9873,23486,9647,16532,17633,14038,13611,12493,17017,17929,38369,18685,23609,7034,8852,21386,29683,7003,23305,557,3797,9338,12696,15530,10102
13905,36654,40094,39743,38988,37971,36582,31234,42681,22309,23175,24390,26779,26038,25763,43342,46141,37032,53732,25455,43663,17718,24793,34837,32667,39105,24875,37379,24424,38055,56070,40423,37472,20792,31448,36534,27821,20743,28503,23254,21269,35940,1171,26257,21854,37940,39541,40950,39214,48349,22276,25649,44242,35599,36489,22215,52282,24632,3217,26796,38335,31823,1450,52339,41053,39960,42134,34283,39780,0,32684,32549,43206,50939,33966,35919,17149,40454,42757,33945,40627,1487,38456,33200,45818,52225,33895,32666,38808,39297,26520,40034,31567,23058,44347,59589,42845,30615,26768,2695,26068,42775,42450,33999,26317,13090,35906,29073,39566,38245,39529,36342,27461,40562
32659,9143,10962,9913,16236,8141,6752,18375,12850,10518,11120,15529,14851,13448,13174,12123,17613,7894,15414,7225,13833,18078,12299,5007,4888,9275,10900,6650,14381,8224,17752,10593,7642,15653,7573,6704,4495,15659,9343,14844,16853,15188,30155,16214,15462,8110,11649,11385,9383,19666,10957,10325,14455,5771,6659,11659,23150,12746,28697,14909,9203,16498,29501,8009,9752,12132,12304,4453,10648,31575,0,2740,12903,10422,4136,6088,15855,15392,13625,4115,11495,29490,18925,3391,14880,8036,14719,157,17916,9467,13930,10203,6584,8077,14560,14266,13015,7069,14881,28814,14181,16308,14585,4168,11830,20127,6075,9913,10434,9113,9699,15700,5974,15500
33422,8238,11725,11116,16999,9345,7956,15759,14054,11281,11883,16292,15614,14211,13937,13326,18081,8658,16617,7988,15036,18841,13063,5833,4005,10478,11663,7854,15144,9428,18956,11797,8846,16416,6668,7908,5258,16422,8438,15607,17616,15952,30918,16977,16225,9313,11395,12589,10587,20870,11720,11088,15659,6975,7862,12422,23913,13509,29460,15673,9967,11675,30264,8038,10956,12895,13508,5011,11411,32338,4058,0,11997,9517,5339,7292,16618,16156,14388,5319,12258,30253,19688,2509,16083,7847,15482,4040,18679,10670,14693,11407,5679,8841,15720,15470,14219,6163,15645,29577,14944,15403,18152,5372,12594,20891,7279,9008,11197,9876,10902,16463,6737,16264
37070,5681,20972,18712,27142,16935,15546,5359,15884,16164,13610,22597,15360,13957,13683,20916,25671,17384,14171,14754,17479,22489,12809,12340,9831,18068,11387,14944,23401,17018,16510,18560,15609,18244,5157,16563,15402,18250,7490,15353,20871,26095,34566,23283,19655,16903,20443,20179,18177,27724,15368,10479,21414,14361,14626,16070,38746,19814,32961,23929,21826,6193,33912,12779,18546,27330,15627,11517,20658,35986,13662,10868,0,11378,15926,15946,20266,28345,25293,15870,21505,33902,29831,10577,23673,12665,25625,13643,28822,17434,14439,18170,6169,12933,21519,20029,15828,7541,23901,33225,23201,1688,27713,15959,11572,24539,14684,8060,20444,19175,17666,26606,14016,26407
38647,4830,11998,9738,28780,7961,6572,14716,11843,16506,17109,21517,19799,19437,19162,11942,16697,12086,7310,13213,12826,24066,17247,4250,8656,9094,15826,8360,20370,8044,9649,9586,6635,21641,6647,7589,12361,21648,10262,20832,22842,23054,36143,22203,21450,7930,11469,11205,9203,18750,16946,14918,13448,5387,5652,16736,29772,18734,34685,20898,12852,10631,35489,2000,9572,18356,11297,5237,11684,37563,8363,8867,9375,0,5232,6972,21843,19371,16319,6896,12531,35479,26791,5556,16218,2856,22585,8345,24222,8460,18878,9196,7503,14066,13553,13168,12008,7988,20870,34802,20170,13690,18739,4996,16011,26116,5710,10833,11470,10202,8692,26035,11963,21807
35171,8631,8239,8139,18748,4898,4979,16152,11077,13030,13633,18041,17363,15961,15686,9290,14041,7350,13640,9737,12059,20590,14812,1638,6715,6032,13412,3777,16894,5133,15979,8820,5497,18165,8083,3831,7008,18172,11699,17356,19365,17701,32667,18727,17974,4867,8395,8131,6129,16094,13469,12837,12682,3997,4885,14172,20427,15258,31209,17422,5558,12068,32013,5671,6510,11587,10531,1448,7925,34087,3010,5396,12391,7159,0,4315,18367,17905,11276,2342,8772,32003,21438,3615,11637,5480,17232,2992,20428,7693,16443,8430,9240,10590,12743,12449,11241,9725,17394,31326,16694,15797,13696,976,14343,22888,4302,12269,7711,7128,7925,18212,8487,18013
38520,13004,6224,5681,14883,2186,591,21897,9538,16379,16981,21390,20712,19310,19035,6168,10922,9712,11925,13086,10520,23939,18161,4330,10064,3320,16761,4464,20243,2269,14264,7281,2882,21514,11432,1286,10357,21520,15048,20705,22714,14598,36015,22076,21322,2155,5694,5430,3428,12975,16818,16186,11098,1584,3346,17521,18411,18607,34558,20771,3169,15417,35362,6307,3797,10697,8992,4797,5909,37436,6359,8745,15740,9212,3459,0,21716,11712,12085,3402,6757,35352,22824,6964,8925,4548,15599,6341,16563,6154,19792,6891,12289,13939,11248,10909,9703,12773,20743,34675,20043,18305,14505,3491,17692,25989,1687,15618,5695,4427,6386,16742,11836,14148
19045,20471,23911,23560,25114,21788,20399,17517,26497,6126,6992,8206,11257,9854,9580,27159,29958,20848,33438,9271,27436,3234,8610,18654,14972,22922,8692,21196,8241,21871,35777,24240,21289,4609,15264,20351,11638,4560,12320,11250,5085,19757,16542,10074,5670,21757,23358,24767,23030,32166,6093,9466,28102,19418,20306,6032,36099,8449,15083,10613,22152,15640,15887,21656,23399,23777,25908,18100,23597,17962,16501,16365,20308,22272,17783,19736,0,24271,26574,17762,24444,15877,22273,17017,29634,21683,17712,16483,22625,23114,10336,23850,15383,6875,28164,27913,26662,14432,10585,15200,9885,20168,26267,17815,10134,6514,19723,12890,23383,22062,23346,20159,11277,24378
42143,26076,8769,13817,4808,10950,12767,27860,19227,21237,20605,21133,24335,22933,22658,11426,14225,8386,24997,16710,20209,26435,21784,14100,17041,12083,20385,12292,19985,11200,27336,16970,13574,21256,21410,10787,13980,21263,22663,24328,22457,6148,39639,20462,21065,10167,6367,11300,9423,16433,20442,19810,20832,13212,13317,22000,16156,18349,38181,16739,9508,25983,38985,19378,11403,1922,18637,13158,8609,41059,17036,16900,30652,22284,15878,11743,25339,0,4594,15822,7804,38975,11011,14927,13902,17619,7914,17018,6489,20119,23415,16545,20421,17562,20893,20643,19392,20906,16711,38298,17467,31377,2237,15911,21315,29612,12069,23233,8406,8878,16236,6362,15459,4073
42414,23511,4630,9554,7758,7509,9326,32403,14963,21627,20876,22181,23945,26538,26264,7162,10116,5940,22432,16980,15945,27951,25390,13049,17842,9383,20655,9727,21033,7759,24770,12706,10133,22305,19210,7346,14251,22311,26269,24599,23505,8387,39910,21510,22114,6727,2926,6965,5983,12169,20713,20080,16568,14481,14746,21533,16285,19398,38452,17787,9491,23195,39256,16813,8761,3571,14373,12972,4346,41330,18947,16663,30970,19719,16046,8302,28945,5500,0,15990,3540,39246,15179,14741,9638,15054,10050,18929,10352,12508,23686,12282,20066,17833,16673,16379,15128,20551,17759,38569,18516,28812,3955,16079,21586,29883,8628,26839,4143,5437,11972,10530,15848,7023
36285,9745,8464,6198,19862,4427,3038,17267,9136,14145,14747,19156,18478,17075,16800,8408,13899,6888,11699,10852,10118,21704,15926,1764,7830,5560,14527,3315,18008,4510,14038,6879,3556,19280,9198,4055,8122,19286,12813,18470,20480,18815,33782,19841,19088,4395,7935,7671,5669,15952,14584,13952,10741,2057,2944,15286,20652,16372,32323,18536,5096,13182,33127,4766,6038,11126,8546,2317,8150,35201,4124,6511,13505,6255,1224,2374,19481,12341,15614,0,8997,33117,22552,4729,13420,4322,18346,4106,21543,5752,17557,6489,10354,11704,10846,10508,9301,10839,18508,32440,17808,18079,18033,1102,15457,24002,2361,13383,7936,6668,5984,19326,9601,19127
42239,18333,2102,6694,11358,5908,7725,27225,12104,20098,20700,25109,24431,23029,22754,4303,7257,8494,17254,16805,13086,27658,21880,9539,14332,6524,20480,6217,23962,6158,19592,9847,9218,25233,15700,5745,14076,25239,22759,24424,26433,11346,39735,24722,25042,5126,3396,4106,4382,9310,20537,19905,13709,8170,8275,21239,12547,22326,38277,20998,4494,19685,39081,11635,5902,7171,11558,9462,1357,41155,13737,13153,20007,14540,10836,6701,25435,8064,4129,8618,0,39071,22390,11232,6779,9876,13327,13719,14014,9648,23511,9422,16556,17658,13814,13520,12268,17041,20970,38394,21727,23634,7555,8876,21411,29708,7027,23329,1154,3821,9113,14192,15555,10623
12708,35457,38897,38546,37791,36774,35385,30037,41483,21112,21978,23192,24511,24840,24527,40756,44944,35834,54074,24257,42466,16521,23596,33640,31470,37908,23678,36182,23227,36857,56740,39226,36275,19595,30250,35337,26624,19546,27306,22056,20071,34743,855,25060,20656,36743,38344,39752,38016,47152,21079,24452,43044,34402,35292,21018,51085,23435,791,25599,37138,30626,41,52682,39856,38763,40937,33086,38583,1479,31487,31351,43549,51281,32769,34721,15951,39257,41560,32748,39430,0,37259,32003,44620,52568,32698,31469,37611,38100,25322,38836,30369,21861,43150,59932,41648,29418,25571,1742,24870,43117,41253,32801,25120,11893,34709,27876,38369,37048,38332,35145,26263,39364
40123,27362,18923,24598,7380,21103,22920,31692,30139,19288,22480,18186,28167,26765,26490,22191,25210,14138,33590,20613,31122,23488,24098,21518,20873,22237,24217,18158,17038,21354,35929,28607,23727,18309,25242,20940,17812,18316,26495,28160,19510,7945,37619,17515,18118,20321,16520,21453,19577,29625,20289,23642,32426,23366,23480,19053,24423,15402,36161,13792,19695,29815,36965,24401,21557,9721,29593,20576,20166,39039,20868,20732,34484,30877,22150,22910,23319,10215,12890,22129,19360,36954,0,21384,27094,26212,6289,20850,4617,26288,27247,28217,24253,21394,32574,32237,30304,24738,13764,36278,14520,34343,11848,20990,25147,27840,22222,27065,20926,19032,27713,5533,19291,6814
33116,6824,11620,11000,19610,8172,7839,14345,13937,12210,11577,15986,15308,13905,13631,12564,17314,8750,14285,7682,14876,18535,12756,3705,3125,9305,11357,6310,14838,8406,16624,11680,8729,16110,6276,7104,7870,16116,8431,15301,17310,18563,30612,16671,15919,8141,11066,12472,10470,19367,11414,10782,15542,6858,7746,12116,23807,13203,29154,15367,9861,10260,29958,4959,9783,12987,13348,2882,11305,32032,3204,3336,10583,8103,4224,7176,16312,14203,14282,5202,12153,29947,22300,0,14911,4769,18094,3186,21291,10554,14387,11290,5672,8535,15647,15353,14102,6157,15338,29271,14638,13989,15441,5255,12287,20584,7163,9002,11091,9771,10786,19074,6431,18875
48536,20360,7465,6568,15615,7176,9753,29253,9456,26685,26052,30461,29783,28380,28106,5357,3002,13846,19281,22157,11075,33010,27232,12047,17784,6440,25832,11569,29314,7566,21620,7901,9091,30585,19152,7789,19428,30591,28111,29776,31785,15961,45087,30074,30394,8973,9270,5886,8248,3971,25889,25257,10065,10198,10303,26591,7588,27678,43629,26350,9846,23137,44433,13663,7951,11429,11431,12599,7273,46507,16375,18761,27820,16568,13475,8745,30787,12444,9392,11125,7239,44423,27742,14684,0,11904,18170,16357,17296,9522,28862,6931,20008,23010,13687,13350,9620,22789,26322,43746,27079,25661,11812,11384,26763,35060,9055,28681,6984,9173,8986,17474,20907,14880
39290,7101,9274,7013,26056,5236,3847,18574,9119,16440,15807,20216,18877,18136,17861,9218,13973,12641,8603,11912,10101,22765,16987,2785,7355,6370,15657,7059,19069,5320,10941,6862,3911,20340,8723,4865,11126,20346,12339,18875,21540,22799,34842,20901,20149,5205,8744,8481,6479,16026,15644,15012,10724,2663,2928,16347,27048,17433,35328,19597,10127,12708,34661,1901,6848,15631,8573,3936,8960,36262,7129,7566,17141,2858,4228,4248,22486,16647,13595,4172,9807,34539,26536,4255,11975,0,22330,7110,21498,5735,18618,6472,9579,12765,10829,10535,9284,10064,19569,35445,18869,14982,16014,4261,16518,25063,2986,12909,8746,7477,5968,23311,10662,19083
35346,22577,14137,19813,6756,16318,18135,26907,26079,14511,17703,13409,23382,21980,21705,17405,22871,9353,28805,15837,27018,18712,19321,16733,16087,17451,19431,13373,12261,16568,31144,22629,18942,13533,20457,16155,13027,13539,21710,23375,14733,2965,32842,12738,13342,15536,11735,16668,14792,24924,15513,18856,27640,18580,18695,14276,22976,10625,31384,9015,14910,25030,32188,19616,16772,6457,25533,15791,16355,34262,16083,15947,29698,26092,16172,17111,18542,7745,9353,16151,11437,32178,6101,16598,22392,21427,0,16065,6576,21503,22462,24663,19468,16609,27789,26770,26244,19952,8987,31501,9743,29558,9742,16204,20362,22815,17437,22280,16140,14246,24159,4110,14506,6206
32545,9006,10849,9776,16122,8004,6615,18262,12713,10404,11007,15415,14737,13335,13060,11986,17476,7781,15277,7111,13696,17964,12186,4870,4751,9138,10786,6514,14268,8087,17615,10456,7133,15539,7436,6567,4382,15546,9206,14730,16740,15075,30041,16101,15348,7973,11512,11248,9246,19529,10844,10211,14318,5634,6522,11546,23036,12632,28583,14796,9090,16385,29387,7873,9615,12019,12167,4316,10535,31461,157,2603,12766,10285,3999,5952,15741,15279,13511,3978,11382,29377,18812,3255,16998,7899,14606,0,17802,9330,13817,10066,6447,7964,14423,14129,12878,6932,14768,28700,14068,16171,14472,4031,11717,20014,5939,9777,10320,9000,9562,15586,5861,15387
44939,30348,13041,18090,3356,15222,17039,30656,23499,21068,23401,19966,27131,25729,25454,15699,20800,11081,29269,22394,24482,25269,24580,18428,19837,16355,23180,16565,18818,15472,31608,21242,17846,20090,24206,15059,16776,20096,25459,27124,21290,6434,39399,19295,19899,14440,10639,15572,13696,25215,22070,22605,25104,21319,21583,20833,20013,17182,37941,15572,16329,28779,38745,23651,15676,5697,22953,17486,12882,40819,19832,19696,33448,26556,21114,16015,25099,6191,8867,21093,12076,38735,5750,20347,18174,21892,6748,19814,0,20874,26211,20818,23217,20358,25209,24872,23664,23702,15544,38058,16300,35649,7762,21146,24111,29372,16341,26029,12679,13151,20509,4056,18255,2790
40883,13483,9220,3674,24845,6092,5443,22376,4711,19977,19344,23753,23075,21672,21398,6620,11371,15365,12405,15449,5694,26302,20524,6693,12427,5356,19124,9598,22605,6481,10592,2454,4777,23877,13795,6704,12719,23883,17411,23068,25077,23797,38764,24438,24071,6631,10340,7117,8074,13424,19181,18549,6316,4259,4011,19883,20556,20970,37306,23134,8657,17780,37725,6786,5513,15343,4165,7160,9028,39799,8722,11108,16382,9691,5821,5843,24079,16358,11707,5765,8994,37714,27149,9326,8925,5027,22943,8704,26140,0,22154,3343,14651,16302,6421,4920,4876,15136,23105,37038,22790,18784,15132,5854,20055,28351,4582,17981,8739,9073,524,23924,14198,23724
28920,15743,22900,22548,24102,20777,19388,11028,25486,8014,3719,15842,482,786,1635,26148,28946,19837,28710,8260,26468,14339,1943,17643,11496,21910,3478,20185,14846,20860,31048,23229,20278,10094,10536,19340,10627,10100,7592,409,12721,23055,26416,16679,13306,20746,22346,23755,22019,31155,6248,4444,27091,18404,19294,7920,35087,13210,24958,15374,21141,12238,25762,18261,23859,22766,24896,17089,22585,27836,15490,13447,15580,17544,16772,18724,12116,23259,25562,16751,23433,25752,26792,14201,27516,27203,22586,15472,25783,22102,0,22839,10655,5863,27152,26902,25651,9703,15346,25075,14646,15440,25255,16804,3216,16389,18711,8162,22371,21051,22334,23566,7801,23367
43096,15620,8737,2011,18453,5544,5465,24793,3191,22190,21557,25966,25288,23886,23611,4271,10888,15119,14822,17662,4811,28515,22737,8906,14640,4808,21337,9783,24819,5934,12921,1636,4290,26090,16008,6157,14933,26096,19624,25281,27290,18783,40592,26651,25899,6083,10543,6634,8097,12941,21394,20762,5553,5738,5001,22096,20073,23183,39134,25347,8320,19993,39938,9203,5031,14267,4671,9373,8546,42012,10935,13321,18799,12109,8035,5865,26292,15159,11224,7978,8511,39928,29362,11540,6490,7444,19443,10917,20134,3205,24368,0,16864,18515,6927,6633,3356,17349,25319,39251,24619,21202,14650,8067,22268,30813,4584,20194,8256,9095,3437,26137,16412,17718
33629,5212,15849,15229,22737,12401,12069,10301,18167,12723,10169,16774,11919,10516,10242,16793,21544,12979,12338,8470,19106,19048,9367,7934,4007,13535,7946,10539,15627,12636,14676,15910,12959,14803,1359,11333,10996,14809,3993,11912,17430,21690,31125,17459,16707,12370,15296,16702,14700,23597,11927,7038,19772,11087,11975,12629,28037,13991,29667,16155,14090,6216,30471,8601,14012,17217,17577,7112,15535,32545,9257,6462,7108,7883,8454,11405,16825,18433,18512,9432,16382,30461,25426,6172,19140,9948,21220,9238,24417,14783,10998,15520,0,9492,17583,16092,18332,1718,16127,29784,15427,9945,19670,9485,8131,21098,11392,4563,15321,14000,15015,22201,7220,22001
26307,15358,17036,16685,18239,14913,13524,12404,19623,4086,4769,12191,8499,7097,6822,20284,23238,13974,22186,2397,20605,11726,5948,11780,9609,16047,4548,14321,11043,14997,24525,17365,14414,7481,10151,13476,4763,7487,7207,8492,10108,17192,23803,12876,12123,14882,16483,17892,16156,25291,3637,4353,21184,12543,13431,4316,29224,9407,22345,11571,15277,10527,23149,14782,16524,16902,19033,11225,16722,25223,9626,9491,15195,19473,10908,12861,9503,17396,19699,10887,17569,23139,20928,10142,22760,14808,16723,9608,19919,16239,7579,16976,10270,0,21289,20995,19787,9319,11543,22462,10843,15055,19392,10941,5479,13776,12848,7777,16508,15187,16471,17703,4443,17504
46281,14159,14233,8687,29858,11105,10842,20720,2674,25375,24743,29151,28473,27071,26796,9154,16384,20763,8153,20847,894,31700,25922,12091,17825,10369,24522,14997,28004,11495,7931,4376,9790,29275,15932,11859,18118,29282,27756,28466,30476,28811,43777,29837,29084,11644,16038,12130,13473,11805,24579,23947,960,9657,9410,25282,25569,26368,42319,28532,13816,26458,43123,12185,10527,19763,3451,12558,14042,45197,14120,16506,19287,12463,11220,11242,29477,21757,16720,11164,14007,43113,32548,14725,11373,10425,28342,14102,31538,6390,27553,4964,16944,21700,0,2340,2890,20534,28504,42436,27804,17128,20146,11252,25453,33750,10083,28326,13752,14471,6622,29322,19597,29123
46117,12098,13616,8071,29241,10488,10225,19241,3870,24759,24126,28987,27648,26454,26632,11017,15767,20147,6673,20231,2891,31536,25305,11475,17209,9752,23906,14727,27387,10878,6451,5569,9173,29111,13871,11101,17501,28665,26276,27849,29859,28194,43613,29220,28468,11027,15422,11514,12856,17821,23963,23331,1944,9040,8793,24665,24952,26204,41702,27915,13199,24978,43432,11802,9910,19146,2834,11941,13425,45033,13504,15890,17808,10402,10603,10625,28861,21140,16103,10547,13391,43310,31931,14108,15289,9809,27725,13485,30922,5774,27389,6524,14883,21083,2049,0,3815,16255,27887,42272,27187,15649,19529,10636,24836,33834,9466,26846,13136,13855,6006,28705,18980,28506
43767,11997,11719,6173,27344,8591,8327,22867,277,22861,22228,26637,25959,24556,24282,7464,13870,16070,10299,18333,3355,29186,23408,9577,15311,7855,22008,12483,25489,8980,10077,2686,7276,26761,16679,9203,15603,26767,20295,25952,27961,26297,41263,27322,26570,9130,13224,9616,10959,15923,22065,21433,3978,7143,6895,22767,23055,23854,39805,26018,11301,20664,40609,9670,8012,17249,1827,10044,11527,42683,11606,13992,14896,12575,8705,8727,26963,19242,14206,8649,11493,40599,30033,12211,9683,7911,25827,11588,29024,3876,25038,3274,17535,19186,4083,3789,0,18020,25990,39922,25289,19275,17632,8738,22939,31236,7569,20865,11238,11957,4108,26808,17083,26609
32336,5939,16577,15957,25863,13129,12796,10903,18895,11430,8876,19814,10626,9223,8949,17521,22271,13707,13984,10020,19877,17755,8075,8662,4735,14263,6653,11267,18667,13363,16322,16637,13686,13510,3005,12061,12387,13516,2700,10619,16137,24816,29832,20500,16722,13098,17693,16362,15428,24324,10634,5745,20499,11815,12703,11336,28764,17031,28374,19195,14818,6819,29178,9328,14740,17945,18348,7839,16263,31252,9984,7190,10688,8611,9181,12133,15532,19160,19239,10159,17110,29168,28552,6899,22300,10676,24346,9966,27543,15511,9705,16248,1722,8199,20604,17738,19059,0,19167,28491,18467,10548,20398,10213,6838,19805,12120,3270,16048,14728,15743,25327,9282,25127
29066,25142,18311,23317,14677,21546,20157,22188,26255,8231,11423,4791,15688,17261,16986,21579,29870,13526,28818,9557,27194,12432,13041,18412,14625,22679,14713,17546,3658,21629,31157,23998,21047,7253,19936,20108,9838,7259,16991,15681,7095,11629,26562,4151,5261,19709,15908,20841,22788,31923,9233,14138,27860,19175,20063,7996,30898,2593,25104,516,18669,20311,25908,21414,20945,15122,25709,17857,23354,27982,16259,16123,24980,26105,17540,19493,12262,16410,17237,17520,18748,25898,14146,16774,29392,21440,9584,16241,14498,22871,14768,23608,20055,11890,27965,27671,26419,19103,0,25221,771,24839,18406,17573,15643,16535,19480,17561,20314,18993,23103,12031,9787,14127
11926,34674,38115,37763,37008,35992,34603,29255,40701,20329,21195,22410,23728,24058,23744,39973,44161,35052,55700,23475,41683,15738,22814,32858,30688,37125,22895,35399,22445,36075,58038,38444,35493,18812,29468,34555,25842,18763,26524,23721,19289,33960,2072,24277,19874,35961,37561,38970,37234,46370,20297,23670,42306,33619,34509,20236,50302,22652,720,24816,36356,29843,1891,54307,37603,37981,40111,32304,37800,2697,30705,30569,34512,52907,31986,33939,15169,38474,40777,31966,38648,1769,36477,31220,43838,54193,31915,30687,36829,37317,23973,38054,29587,21078,42411,61557,40866,28635,24788,0,24088,44743,40470,32019,24337,11110,33926,27094,37586,36266,37549,34362,25481,38582
26188,24412,19066,22587,15433,20742,19427,21458,25525,7501,10693,3762,14958,13556,13281,22334,29140,14282,28088,8827,26507,11049,12311,17682,13895,21865,13982,18302,2614,20899,30427,23268,20317,6523,19206,19378,9108,6529,16261,14951,5927,12385,25832,3380,4093,20784,16664,21597,22058,31193,8503,13408,27012,18445,19333,7266,31654,1472,24374,725,21180,19581,25178,20684,21701,15878,24861,17127,22624,27252,15529,15393,24250,22441,16810,18763,11532,17166,17992,16790,19504,25168,13124,16044,28662,20710,10340,15510,15254,22141,14038,22878,19325,11160,27235,26941,25062,18299,771,24491,0,24109,19162,16843,14913,15805,18750,16831,22410,21089,22373,12787,9057,14883
39968,6617,19712,17451,36494,15675,14286,8296,19557,19062,16508,27446,18258,16855,16581,19656,24411,23079,12911,17652,16218,25387,15707,14205,10767,16808,14285,20802,26299,15758,15250,17300,14349,21142,6093,15303,20019,21148,10388,18251,23769,33238,37464,28131,22553,15643,19182,18919,16917,26464,18266,13377,20154,13101,13366,18968,37486,24663,36006,26827,20565,9090,36810,11518,17286,26069,18967,16004,19398,38884,17567,11804,1694,10118,14666,14686,23164,27085,24033,14610,20245,36800,36974,15675,22413,11405,32768,17549,31936,16173,17337,16910,7105,15831,20259,18769,19722,8477,26799,36123,26099,0,26452,14699,14470,27437,13424,10958,19184,17915,16406,33749,16914,29521
43955,25386,8018,12919,5971,10874,17541,34279,18328,23049,22416,22944,26147,24745,24470,10527,10944,9078,24307,18521,19267,28247,23596,14924,18852,12749,22196,11602,21796,11125,26646,16071,17604,23068,21085,10711,15792,23074,24475,26140,24268,7311,41451,22274,22877,10092,6291,10330,9348,14268,22253,21621,19933,16356,16621,22955,10646,20161,39993,18550,11366,27795,40797,18689,12126,3734,17782,14847,7711,42871,20822,18538,28284,21594,17922,17941,27151,2052,3904,17865,6905,40787,12173,16617,13003,16929,9726,20804,7652,19429,25226,15647,22233,19374,20038,19744,17940,22717,18522,40110,19279,30687,0,17954,23127,31672,16679,25045,7508,11276,15337,7525,17271,5236
36199,8828,9145,6879,19776,5108,3719,16349,9817,14059,14661,19070,18391,16989,16714,9089,14580,8124,12380,10766,10755,21618,15840,876,6912,6241,14441,4551,17922,5191,14719,7560,4237,19194,8280,4604,8036,19200,11896,18384,20394,18729,33695,19755,19002,5076,8615,8352,6350,16633,14498,13866,11421,2737,3625,15200,21333,16286,32237,18450,6332,12265,33041,3878,6719,12361,9271,1428,8831,35115,4038,6425,12588,5366,1138,3055,19395,13577,16295,1082,9678,33031,22466,3812,14101,3687,18260,4020,21457,6433,17471,7170,9137,11618,11527,11233,9981,9621,18422,32354,17722,15994,18714,0,15371,23668,3042,12466,8617,7348,6665,19240,9515,19041
27090,12631,20572,20220,21774,18449,17060,7778,23158,6184,3611,14012,4386,2983,2709,23819,26774,17509,25598,5932,24097,12509,1835,14483,8888,19582,1211,17856,14578,18532,27936,20901,17950,8264,7424,17012,8299,8270,4480,4379,10891,20727,24586,16411,11476,18417,20018,21427,19691,28827,5388,1381,24763,16079,16966,6090,32759,12943,23128,15106,18813,7799,23932,16910,20060,20438,22568,13660,20257,26006,13162,10839,12468,14432,14443,16396,10286,20931,23234,14423,21105,23921,24464,12720,26295,24091,20258,13144,23455,19774,3465,20511,7543,3517,24824,22489,23323,6591,15078,23245,14378,12327,22927,14476,0,14558,16383,5050,20043,18723,20006,21238,5193,21039
15816,26043,29484,29132,30686,27361,25972,23089,32070,11698,12564,13779,16829,15427,15152,32731,35685,26421,39011,14844,33052,5290,14182,24227,22057,28494,14264,26768,13813,27444,41349,29813,26862,10181,20837,25923,17210,10132,17892,12643,10658,25329,13054,15646,11243,27329,28930,30339,28603,37738,11666,15039,33675,24990,25878,11604,41671,14021,11596,16185,27725,21212,12400,27229,30443,29349,31524,23672,29169,14474,22074,21964,25881,27844,23355,25308,6538,29843,32146,23335,30017,12390,27845,22589,35207,27255,23284,22056,28223,28686,15909,29423,20956,12447,33780,33468,32234,20004,16157,11713,15457,25740,31839,23388,15706,0,25295,18462,28955,27634,28918,25731,16850,29951
38195,12776,7562,5296,16221,3524,2135,21668,9213,16054,16656,21065,20387,18984,18710,7506,12996,11050,11697,12761,10195,23614,17835,4005,9739,4658,16436,6779,19917,3608,14036,6955,2654,21189,11107,3153,10031,21195,14723,20380,22389,15937,35691,21750,20998,3493,7032,6769,4767,15049,16493,15861,10817,657,3021,17195,19749,18282,34233,20446,5349,15092,35037,6078,5135,12035,8623,4472,7248,37111,6034,8420,15414,8984,3133,1472,21391,13050,15611,3077,8095,35026,24461,6638,12518,4319,20255,6016,17901,5829,19466,6566,11963,13614,10879,10628,9377,12448,20417,34350,19717,18077,14084,3166,17366,25663,0,15293,7034,5765,6061,21236,11510,15486
32204,8220,17796,17176,25731,14348,22562,8273,17921,11299,10666,19683,10494,9092,8817,27933,32687,14926,21187,9889,19516,17623,7943,9881,6836,25084,6522,12486,18535,24034,23526,25576,22625,13379,2698,13280,12255,13385,2625,10487,16005,24684,29701,20368,16590,14317,27459,27195,25193,34740,10503,5614,19464,21377,21642,11205,29983,16899,28242,19063,16037,4188,29046,12500,15959,19163,17664,9058,17481,31121,11203,8409,8058,11764,10400,13352,15400,24888,20458,11378,18329,29036,28421,8118,23519,19681,24215,11185,27411,24450,9574,25187,3174,8068,19569,18079,17865,4547,19035,28359,18335,7917,21617,11431,6707,19673,21700,0,17267,15947,24682,25195,9150,24996
41658,17751,813,6362,11301,5327,7144,26644,11772,19517,20119,24528,23850,22447,22173,3971,6925,7913,16672,16224,12754,27076,21298,8958,13751,6192,19899,5636,23380,5577,19011,9515,7951,24652,15119,5164,13494,24658,22178,23842,25852,11289,39154,24140,24461,4544,3390,3773,3801,8978,19956,19324,13376,7589,7694,20658,12943,21745,37696,20417,3913,19103,38500,11054,4632,7114,11226,8880,466,40574,13156,12572,19426,13959,10255,6120,24854,8007,4071,8036,1256,38489,21808,10650,6447,9295,12290,13137,12981,9316,22929,9090,15975,17076,13438,13188,11936,16460,20389,37813,21145,23052,7497,8295,20829,29126,6446,22748,0,3240,8781,18583,14973,10565
39898,13907,2666,7106,11346,3612,5429,21429,12516,18993,18360,22769,22091,20688,20413,4699,8867,6154,18001,14465,13498,25317,19539,6124,11991,4745,18140,3877,21621,3862,20339,10259,6236,23176,13359,3449,11735,22899,20418,22083,24093,11062,37395,22381,22702,2829,2122,3962,1916,10920,18197,17565,14120,5874,5979,18899,14853,19985,35936,18658,1304,17344,36740,12382,4065,7160,11969,7121,2351,38815,8484,10813,17667,15287,5583,4405,23094,8175,8527,5202,3199,36730,20049,8891,8389,10623,12062,8466,13026,9264,21170,9834,14216,15317,14225,13932,12680,14700,18630,36053,19386,24380,10947,5461,19070,27367,4731,20988,2137,0,9496,16824,13214,10611
40906,13506,9385,3839,24483,6855,5466,22399,5628,20000,19367,23776,23098,21695,21421,6786,11536,15388,12428,15472,6611,26325,20546,6716,12450,5521,19147,9621,22628,6938,14766,3371,4392,23900,13818,6484,12742,23906,17434,23091,25100,23435,38402,24461,23709,6824,10363,7282,8097,13589,19204,18572,7233,4281,4034,19906,16122,20993,36944,23157,8680,17803,37748,6809,5679,15366,5082,7183,9194,39822,8745,11131,18125,9714,5844,5866,24102,16381,16342,5788,9159,37737,27172,9349,11057,5050,22966,8727,26163,1003,22177,2981,14674,16325,7338,6245,5793,15159,23128,37061,22428,18807,18762,5877,20077,28623,4605,18004,8904,9096,0,23947,14221,23747
38553,22897,14059,19107,4549,16638,18057,29280,24527,17718,20910,16616,25756,24353,24078,16716,21557,9706,31178,19044,25509,21918,23204,17053,18461,17373,21805,13693,15468,16888,33517,22259,18863,16740,22830,16475,15400,16746,24084,25748,17940,3084,36049,15945,16549,15856,11656,16589,14713,21723,18720,21230,26132,18502,22261,17483,20770,13832,34591,12222,14816,27403,35395,19936,16693,6715,23981,16111,13909,37469,18456,18321,32072,28465,16492,17033,21749,7208,9884,16471,13104,35385,5998,18972,19191,23801,3398,18438,4370,25069,24835,25806,21841,18982,26237,25943,24692,22326,12194,34708,12950,31931,8315,16524,22735,26270,17358,24654,13696,17193,21526,0,16879,3999
26745,15373,17482,17130,18684,15359,13970,12419,20068,5839,5206,12636,8937,7534,7259,20730,23684,14419,28341,2842,21007,12163,6385,10896,4866,16492,4986,14767,11488,15442,30679,17811,14860,7919,10167,13922,5209,7925,7223,8929,10545,17637,24241,13321,11130,15328,16929,18337,16601,25737,5043,4369,21629,12989,13876,5745,29669,9853,22782,12017,15723,10542,23587,13100,16970,17348,19478,10073,17168,25661,10072,6817,15211,14579,11354,13306,9941,17841,20144,11333,18015,23576,21374,7571,23205,12910,17168,10054,20365,16684,8016,17421,10286,2163,21734,21484,20233,9334,11989,22899,11288,15070,19837,11386,5916,14213,13293,7793,16953,15633,16917,18148,0,17949
39550,28204,10897,15946,1469,13078,14895,28512,21355,18715,21257,17613,24987,23585,23310,13555,16509,8937,27125,17361,22338,22915,22436,16284,17693,14211,21036,12925,16465,13328,29464,19098,15702,17737,22062,12915,14632,17743,23315,24980,18937,2993,37046,16942,17546,12296,8495,13428,11552,18562,19717,20461,22960,15340,15445,18480,18433,14829,35588,13219,14184,26635,36392,21507,13532,3553,20809,15342,10738,38466,17688,17552,31304,24412,18970,13871,22746,4047,6723,18949,9932,36382,7555,18203,16030,19748,4395,17670,3141,18730,24067,18674,21073,18214,23065,22771,21520,21558,13191,35705,13947,33505,5153,19002,21967,27019,14197,23885,10535,11006,18364,2906,16111,0
