0,3816,4039,4216,4080,3917,3734,3398,4384,2490,2617,2919,3134,2958,3016,4347,4769,3667,4436,2857,4603,1820,2821,3589,3413,4060,2747,3848,2803,3961,4682,4156,3863,2503,3355,3760,2881,2487,2974,3128,2412,3980,1391,3122,2448,3945,4009,4301,3904,5043,2413,2696,4715,3674,3708,2478,5162,2730,1238,2919,3798,3415,1387,4066,4262,3878,4332,3529,3978,1439,3368,3468,3736,4291,3423,3781,1803,3921,4043,3427,4093,1384,4031,3398,4704,3921,3588,3350,4113,4029,3091,4004,3415,2376,4614,4664,4423,3253,2889,1315,2957,3629,4302,3457,2893,1564,3632,3067,3834,3796,4049,3856,2904,3906
3694,0,1995,1828,2805,1469,1286,1273,2027,2107,2064,2970,2136,1961,2018,2004,2601,1872,1081,2063,2056,2695,1841,1337,1409,1613,1483,1823,2714,1513,1327,1685,1392,2524,547,1393,1789,2527,1029,2130,2614,2846,3517,3033,2642,1497,1801,1893,1456,2876,1977,1293,2071,1229,1238,2094,2878,2546,3364,2734,1737,1038,3513,941,1814,2158,1875,1256,1934,3565,1435,1340,969,954,1347,1435,2354,2409,1864,1360,2049,3510,2950,1118,2568,1040,2593,1416,2955,1559,2093,1533,740,1570,1970,1771,2015,934,2705,3441,2772,1044,2278,1381,1605,2823,1204,1122,1790,1704,1579,2747,1748,2630
3820,1876,0,933,1621,699,860,2499,1491,2233,2152,2676,2534,2358,2416,766,1188,919,1644,1801,1709,2821,2239,1294,1690,843,2040,956,2419,792,1890,1262,999,2554,1915,690,1499,2557,2238,2528,2650,1796,3643,2615,2501,607,363,904,591,1463,2103,1960,1822,923,984,2220,1699,2251,3490,2111,715,2429,3639,1526,902,996,1439,1194,166,3691,1441,1686,2403,1560,1124,1000,2480,1254,711,1138,417,3636,2088,1363,1124,1130,1570,1423,1771,1225,2491,1122,2056,1663,1721,1771,1529,2143,2082,3567,2288,1980,1188,1158,2210,2949,746,2331,258,606,1147,1834,1486,1446
3983,1761,964,0,2370,725,749,2384,736,2396,2316,2872,2697,2522,2579,575,1344,1621,1530,1964,1116,2984,2402,1100,1654,587,2203,1399,2615,795,1776,573,664,2750,1879,785,1662,2753,2365,2691,2846,2561,3806,2934,2697,830,1189,852,900,1618,2267,2124,1227,809,872,2384,2167,2447,3653,2636,1232,2393,3802,1412,726,1746,844,1166,954,3854,1251,1641,2289,1445,933,899,2643,2016,1389,947,1018,3799,2763,1327,1057,1015,2335,1233,2521,630,2654,370,2019,1827,1126,1176,775,2106,2606,3731,2673,1865,1866,968,2374,3113,606,2458,921,1148,552,2584,1649,2196
3780,2625,1662,2109,0,1717,1877,2766,2666,2193,2113,2217,2494,2319,2376,1942,2363,1451,2557,1761,2885,2839,2199,1985,1777,1861,2000,1753,1960,1810,2803,2438,2017,2095,2504,1708,1459,2098,2198,2488,2191,826,3603,2156,2042,1624,1291,1921,1609,2638,2064,1920,2997,1941,2002,2235,1953,1792,3450,1652,1737,2639,3599,2439,1920,592,2614,1832,1689,3651,1764,1864,2960,2472,1818,2018,2440,635,1189,1823,1592,3596,1108,1793,2299,2042,746,1746,557,2312,2451,2297,2367,1623,2896,2946,2705,2454,1623,3527,1829,2853,982,1852,2171,2909,1763,2291,1618,1628,2322,699,1446,256
3820,1522,943,627,1909,0,506,2145,1185,2233,2152,2708,2533,2358,2416,768,1323,1185,1291,1801,1403,2821,2238,921,1533,301,2039,932,2451,341,1537,956,668,2587,1757,318,1498,2590,2244,2527,2682,2084,3642,2770,2533,158,746,680,402,1598,2103,1960,1516,569,630,2220,2064,2283,3490,2349,796,2272,3639,1173,503,1284,1133,1030,879,3691,1088,1477,2049,1206,770,628,2479,1542,1199,827,994,3636,2327,1206,1257,776,1858,1069,2060,884,2491,816,1898,1663,1415,1465,1223,1985,2320,3567,2510,1626,1614,824,2210,2949,392,2337,735,650,841,2122,1486,1735
3705,1446,809,752,1777,283,0,2069,1220,2118,2037,2594,2419,2244,2301,817,1415,1053,1214,1686,1438,2706,2124,810,1421,426,1925,820,2337,327,1460,991,550,2472,1646,206,1384,2475,2132,2413,2568,1952,3528,2656,2419,311,614,707,270,1690,1989,1845,1550,493,554,2105,1932,2169,3375,2217,629,2160,3524,1096,628,1152,1168,919,747,3576,973,1363,1973,1130,655,197,2365,1410,1067,715,862,3521,2195,1094,1382,699,1726,955,1928,864,2376,839,1787,1548,1450,1499,1258,1874,2188,3452,2395,1550,1482,713,2096,2834,290,2226,603,518,885,1990,1371,1603
3186,1279,2542,2376,2928,2016,1833,0,2461,1848,1787,2690,1442,1448,1532,2551,3149,2311,1683,1705,2680,2436,1452,1824,1763,2160,1224,2262,2433,2061,1929,2233,1940,2265,901,1940,1729,2268,900,1435,2354,2969,2888,2752,2383,2044,2348,2441,2004,3424,1718,1033,2706,1777,1785,1835,3425,2265,2856,2454,2284,658,3005,1666,2362,2726,2409,1695,2481,3057,1874,1779,886,1588,1894,1983,2094,2769,2412,1908,2596,3002,3074,1557,3116,1588,2717,1856,3079,2106,1514,2081,1094,1310,2606,2406,2500,1178,2424,2933,2491,867,2826,1928,1074,2564,1752,994,2337,2252,2126,2870,1448,2754
4117,1859,1345,912,2811,1147,1039,2574,0,2529,2449,3005,2830,2655,2712,1080,1725,1868,1422,2097,623,3117,2535,1233,1787,1009,2336,1743,2748,1217,1387,491,1081,2883,2012,1146,1795,2886,2498,2824,2979,2852,3939,3067,2830,1252,1554,1234,1209,2000,2400,2257,736,982,986,2517,2549,2580,3786,2769,1613,2526,3936,1504,1108,2092,353,1299,1336,3988,1384,1774,2459,1537,1067,1188,2776,2349,1771,1080,1399,3932,2956,1460,1563,1107,2600,1366,2961,652,2788,514,2152,1960,635,685,84,2240,2739,3864,2806,2055,2247,1101,2507,3246,1023,2592,1302,1457,672,2753,1782,2636
2352,2061,2284,2461,2325,2161,1978,1787,2629,0,862,1381,1378,1203,1261,2592,3013,1912,2681,599,2847,1353,1066,1834,1595,2305,992,2093,1124,2206,2927,2400,2107,727,1600,2005,1068,730,1219,1372,994,2206,2175,1443,845,2189,2254,2545,2149,3288,278,941,2960,1919,1953,124,3407,956,2022,1144,2043,1660,2171,2311,2507,2122,2577,1774,2222,2223,1613,1713,1981,2535,1667,2026,1012,2165,2287,1672,2337,2168,2257,1643,2949,2166,1814,1595,2338,2274,1336,2248,1660,621,2859,2909,2668,1498,1115,2100,1182,1873,2547,1701,1138,1482,1877,1312,2078,2041,2294,2081,933,2150
2428,2002,2225,2402,2266,2102,1919,1728,2570,841,0,1855,814,639,696,2533,2954,1853,2621,1043,2788,1429,501,1775,1598,2246,695,2034,1656,2147,2868,2341,2048,1259,1541,1946,1066,1262,1160,808,1348,2307,2251,1975,1376,2130,2195,2486,2089,3229,677,873,2901,1859,1893,829,3348,1488,2098,1676,1984,1601,2248,2252,2448,2063,2518,1715,2163,2299,1554,1654,1922,2476,1608,1967,1088,2106,2228,1613,2278,2244,2411,1583,2890,2107,2054,1536,2416,2214,771,2189,1601,562,2800,2850,2608,1438,1647,2176,1714,1814,2488,1642,719,1558,1818,1253,2019,1982,2235,2207,1090,2091
2778,2951,2735,2913,2294,2613,2430,2676,3081,1315,1869,0,2386,2210,2268,3044,3465,2267,3132,1342,3299,1496,2073,2285,2018,2757,1910,2545,375,2657,3378,2852,2559,1086,2490,2456,1492,1089,2108,2380,770,2046,2689,540,522,2641,2477,2997,2600,3740,1490,1831,3411,2370,2404,1226,3738,650,2536,831,2495,2550,2686,2763,2958,2387,3029,2225,2674,2738,2065,2165,2870,3047,2119,2478,1526,2421,2739,2123,2789,2683,1882,2094,3401,2617,1654,2047,2178,2725,2343,2700,2550,1628,3311,3360,3119,2387,764,2614,694,2763,2802,2153,2081,1996,2329,2202,2530,2493,2746,1922,1357,2186
2933,2228,2704,2882,2745,2582,2399,1468,3050,1376,814,2390,0,241,490,3013,3434,2333,2856,1522,3268,1964,479,2254,1889,2726,686,2514,2190,2626,3103,2821,2528,1793,1767,2425,1546,1797,1386,71,1883,2786,2756,2509,1911,2610,2675,2966,2569,3709,1227,881,3380,2339,2373,1363,3828,2022,2603,2211,2464,1656,2752,2683,2928,2543,2998,2195,2643,2804,2034,2134,2148,2703,2088,2447,1623,2586,2708,2092,2758,2749,2891,2063,3370,2586,2534,2016,2896,2694,120,2669,1827,1042,3280,3329,3088,1665,2181,2681,2249,2040,2968,2122,697,2092,2298,1479,2499,2462,2715,2687,1337,2571
2835,2100,2576,2754,2617,2454,2271,1483,2921,1248,685,2261,263,0,343,2884,3306,2204,2728,1394,3140,1836,351,2126,1760,2597,558,2385,2062,2498,2974,2693,2400,1665,1639,2297,1418,1668,1257,241,1754,2658,2657,2381,1783,2482,2546,2838,2441,3580,1098,753,3252,2211,2245,1235,3699,1894,2505,2082,2336,1671,2654,2555,2799,2415,2869,2066,2515,2706,1906,2005,2019,2574,1960,2318,1494,2458,2580,1964,2630,2651,2762,1935,3241,2458,2406,1887,2768,2566,200,2541,1699,913,3151,3201,2960,1536,2053,2582,2120,1912,2839,1994,569,1964,2169,1351,2371,2333,2586,2559,1209,2443
2961,2281,2758,2935,2799,2635,2452,1496,3103,1429,867,2443,429,331,0,3066,3487,2386,2910,1576,3321,2017,532,2308,1942,2779,739,2567,2244,2680,3156,2874,2581,1847,1820,2479,1599,1850,1439,423,1936,2840,2783,2563,1964,2663,2728,3019,2622,3762,1280,934,3434,2392,2426,1417,3881,2075,2630,2264,2517,1684,2780,2736,2981,2596,3051,2248,2696,2832,2087,2187,2201,2756,2141,2500,1676,2639,2761,2146,2811,2777,2944,2116,3423,2640,2587,2069,2949,2747,463,2722,1880,1095,3333,3383,3141,1718,2234,2708,2302,2094,3021,2175,750,2146,2351,1532,2552,2515,2768,2740,1390,2624
4003,1914,631,552,2037,686,898,2537,1088,2416,2335,2892,2717,2541,2599,0,1011,1288,1682,1984,1327,3004,2422,1350,1867,547,2223,1139,2635,755,1929,925,907,2770,2092,746,1682,2773,2421,2711,2865,2228,3826,2957,2716,645,856,519,562,1285,2286,2143,1440,961,1022,2403,1834,2467,3673,2452,857,2606,3822,1564,547,1412,1057,1379,621,3874,1464,1853,2441,1598,1146,1056,2663,1683,1056,1160,685,3819,2430,1540,922,1168,2002,1446,2188,843,2674,721,2232,1846,1339,1389,1126,2319,2423,3750,2629,2018,1533,1180,2393,3132,784,2514,587,810,765,2250,1669,1863
4528,2613,1155,1202,2553,1337,1597,3236,1674,2941,2860,3416,3242,3066,3124,943,0,1813,2381,2509,1978,3529,2946,2001,2398,1198,2747,1663,3159,1406,2627,1512,1558,3295,2623,1397,2206,3298,2946,3235,3390,2797,4350,3481,3241,1344,1381,1138,1261,770,2811,2668,2091,1660,1721,2928,876,2991,4198,2977,1423,3137,4347,2263,1246,1929,1708,1902,1146,4399,2115,2393,3140,2297,1797,1707,3187,2180,1635,1811,1209,4344,2954,2071,658,1866,2527,2097,2704,1494,3199,1308,2763,2371,1990,2040,1713,2851,2948,4275,3154,2717,2049,1831,2918,3657,1500,3039,1112,1369,1416,2767,2194,2379
3293,1604,963,1439,1193,1011,1099,2283,1873,1706,1626,2013,2007,1832,1889,1272,1693,0,1613,1274,2091,2294,1712,1023,1309,1155,1513,733,1756,1103,1859,1644,1351,1891,1534,1045,972,1895,1711,2001,1987,1318,3116,1953,1838,918,585,1225,845,1968,1577,1433,2204,1162,1196,1693,2087,1588,2963,1448,723,2048,3112,1386,1223,568,1821,812,902,3164,1117,1310,2163,1528,911,1270,1953,844,908,915,1017,3109,1426,982,1629,1098,996,1099,1343,1517,1964,1492,1674,1136,2103,2153,1911,1761,1419,3041,1625,2119,1031,945,1684,2422,1121,1804,758,721,1538,1222,959,1018
3947,1057,1915,1749,2754,1389,1206,1326,1656,2612,2569,3205,2641,2466,2523,1924,2522,1913,0,2298,1431,3200,2346,1419,1852,1533,1989,1763,2949,1434,572,1606,1313,3029,1309,1313,1996,3033,1534,2635,3119,2950,3600,3268,3030,1417,1721,1814,1377,2797,2483,1798,1335,1150,1158,2599,2798,2781,3617,2969,1657,1543,3766,1039,1735,2078,1364,1500,1854,3818,1585,1960,1230,961,1267,1356,2859,2330,1785,1281,1969,3763,3054,1525,2489,961,2698,1567,2853,1479,2599,1454,1503,2075,1234,1035,1645,1697,2940,3695,3007,807,2199,1301,2110,3328,1125,1627,1710,1625,1500,2851,1983,2529
2777,2037,1821,1999,1862,1699,1516,1762,2167,544,1121,1359,1491,1315,1373,2130,2551,1450,2218,0,2385,1778,1195,1372,1104,1843,996,1631,1102,1743,2464,1938,1645,1084,1576,1542,663,1087,1195,1484,1350,1903,2599,1421,1201,1727,1792,2083,1686,2826,728,917,2498,1456,1490,614,2945,934,2447,1123,1581,1636,2596,1849,2045,1660,2115,1312,1760,2648,1151,1251,1956,2134,1205,1564,1436,1703,1825,1209,1875,2593,2008,1180,2487,1703,1651,1133,2013,1811,1448,1786,1636,620,2397,2447,2205,1473,1093,2524,1160,1849,2085,1239,1167,1906,1415,1288,1616,1579,1832,1804,443,1688
4367,1929,1595,1186,3061,1397,1289,2433,526,2779,2699,3255,3080,2905,2963,1386,1975,2118,1280,2348,0,3367,2785,1483,2037,1259,2586,1993,2998,1467,1246,796,1331,3133,2181,1396,2045,3137,2641,3074,3229,3102,4189,3317,3080,1502,1804,1484,1459,2250,2650,2507,492,1232,1236,2767,2799,2830,4036,3019,1864,2650,4186,1754,1358,2342,450,1549,1586,4238,1634,2024,2337,1833,1317,1438,3026,2600,2021,1331,1649,4183,3206,1710,1868,1357,2850,1616,3211,902,3038,820,2375,2210,312,536,580,2490,2989,4114,3057,1914,2497,1351,2757,3496,1273,2734,1552,1707,922,3003,2033,2886
1655,2752,2974,3152,2945,2852,2669,2477,3319,1425,1552,1507,2069,1893,1951,3282,3704,2602,3371,1792,3538,0,1756,2524,2348,2996,1682,2783,1391,2896,3617,3091,2798,1436,2291,2695,1816,1407,1909,2063,1000,2696,1920,1710,1035,2880,2944,3236,2839,3979,1348,1632,3650,2609,2643,1413,4097,1446,1767,1635,2734,2351,1916,3002,3197,2813,3267,2464,2913,1968,2304,2404,2671,3226,2358,2716,696,2856,2978,2362,3028,1913,2747,2333,3640,2856,2305,2285,2829,2964,2026,2939,2351,1311,3549,3599,3358,2188,1605,1844,1665,2564,3238,2392,1828,1070,2567,2003,2769,2731,2984,2572,1839,2836
2579,1844,2320,2498,2361,2198,2015,1452,2666,992,565,2006,526,350,408,2629,3050,1949,2472,1138,2884,1580,0,1871,1505,2342,302,2130,1806,2242,2719,2437,2144,1409,1383,2041,1162,1413,1002,519,1499,2402,2402,2125,1527,2226,2291,2582,2185,3325,863,497,2997,1955,1989,979,3444,1638,2249,1827,2080,1443,2398,2299,2544,2159,2614,1811,2259,2450,1650,1750,1764,2319,1704,2063,1239,2202,2324,1709,2374,2395,2507,1679,2986,2202,2150,1632,2512,2310,483,2285,1443,658,2896,2946,2704,1281,1797,2327,1865,1657,2584,1738,313,1709,1914,1095,2115,2078,2331,2303,953,2187
3306,1073,1397,1241,2001,798,758,1751,1408,1719,1639,2195,2020,1845,1902,1408,1963,1074,1368,1287,1627,2307,1725,0,777,942,1526,739,1938,887,1614,1180,887,2073,1002,603,985,2076,1488,2014,2169,2042,3129,2257,2020,826,1195,1288,850,2238,1590,1447,1739,698,732,1707,2520,1770,2976,1958,1035,1516,3125,569,1143,1515,1356,272,1335,3177,574,964,1631,842,254,805,1966,1792,1395,430,1451,3122,2146,450,1897,575,1789,556,2151,1053,1977,1028,1142,1150,1638,1688,1447,1230,1929,3054,1996,1587,1809,311,1697,2436,656,1582,1191,1099,1073,1942,972,1826
3087,1291,1683,1719,1936,1419,1236,1911,1886,1499,1419,1975,1800,1625,1683,1953,2413,1273,1938,1067,2105,2087,1505,945,0,1563,1306,1384,1718,1463,2184,1658,1365,1853,962,1325,920,1856,1171,1794,1949,1977,2909,2037,1800,1447,1654,1843,1406,2688,1370,1227,2217,1176,1210,1487,2807,1550,2756,1739,1443,1676,2906,1270,1764,1714,1834,816,1622,2958,873,471,1833,1488,925,1283,1746,1776,1687,929,1737,2903,2081,454,2349,1276,1725,855,2086,1531,1758,1506,825,930,2116,2166,1925,912,1709,2834,1777,1747,2101,959,1477,2216,1134,1264,1478,1441,1551,1878,753,1761
4043,1785,714,398,2121,506,769,2408,956,2456,2375,2931,2757,2581,2639,539,1094,1372,1553,2024,1174,3044,2462,1170,1714,0,2263,1180,2675,575,1799,727,754,2810,1938,566,1722,2813,2425,2751,2905,2312,3866,2994,2756,611,940,603,681,1369,2326,2183,1287,832,893,2443,1918,2507,3713,2536,982,2453,3862,1435,269,1496,904,1279,705,3914,1311,1700,2312,1469,993,876,2702,1766,1140,1007,768,3859,2513,1387,1028,1039,2086,1293,2272,690,2714,587,2079,1886,1186,1236,994,2166,2506,3790,2733,1889,1616,1072,2433,3172,655,2518,671,929,612,2334,1709,1947
2519,1562,2104,2281,2145,1982,1798,1287,2449,932,709,1946,743,568,626,2412,2834,1732,2190,922,2668,1520,448,1654,1216,2125,0,1913,1649,2026,2436,2220,1927,1349,1101,1825,945,1352,720,737,1439,2186,2342,1968,1467,2010,2074,2366,1969,3108,802,511,2780,1739,1773,919,3227,1481,2189,1670,1863,1161,2338,2017,2327,1943,2397,1594,2042,2390,1433,1548,1481,2036,1488,1846,1179,1985,2107,1492,2158,2335,2290,1463,2769,1986,1934,1415,2295,2094,701,2068,1161,519,2679,2729,2488,998,1640,2266,1708,1374,2367,1522,323,1648,1697,813,1898,1861,2114,2087,664,1970
3587,1481,1109,1193,1868,723,768,2160,1546,2000,1919,2475,2300,2125,2183,1334,1889,872,1597,1568,1764,2587,2005,674,1186,867,1806,0,2218,813,1843,1317,1024,2353,1411,528,1265,2357,1897,2294,2449,1909,3409,2540,2300,751,1121,1213,776,2163,1870,1727,1876,835,869,1987,2232,2050,3256,2036,961,1925,3406,1151,1069,1313,1493,689,1048,3458,902,1291,2040,1425,584,800,2246,1589,1112,579,1163,3403,2013,859,1823,1082,1657,884,2019,1190,2258,1165,1551,1430,1776,1825,1584,1638,2006,3334,2213,1996,1527,577,1977,2716,806,1990,904,866,1211,1810,1253,1694
2808,2799,2583,2761,2063,2461,2278,2524,2929,1229,1783,257,2252,2077,2135,2892,3313,2035,2980,1190,3147,1527,1987,2133,1866,2605,1758,2393,0,2505,3226,2700,2407,1000,2338,2304,1340,1003,1957,2246,800,1814,2720,319,552,2489,2246,2845,2448,3588,1404,1679,3259,2218,2252,1140,3506,498,2567,673,2343,2398,2716,2611,2807,2155,2877,2074,2522,2768,1913,2013,2718,2896,1967,2326,1556,2189,2583,1971,2637,2713,1654,1942,3249,2465,1423,1895,1947,2573,2210,2548,2398,1382,3159,3208,2967,2235,525,2644,544,2611,2571,2001,1929,2026,2177,2050,2378,2341,2594,1690,1205,1954
3695,1397,959,691,1927,317,381,2020,1171,2108,2027,2584,2409,2234,2291,831,1386,1203,1166,1676,1390,2696,2114,812,1366,365,1915,919,2327,0,1412,943,532,2462,1591,305,1374,2465,2077,2403,2558,2103,3518,2646,2409,387,765,787,420,1661,1979,1835,1502,445,505,2095,2082,2159,3365,2347,780,2105,3514,1048,566,1303,1119,878,898,3566,963,1353,1925,1081,645,530,2355,1560,1218,659,1013,3511,2345,1039,1320,651,1877,945,2078,816,2366,791,1731,1538,1401,1451,1210,1818,2318,3442,2385,1501,1632,679,2086,2824,267,2170,754,668,836,2141,1361,1753
4215,1325,2184,1909,3023,1658,1474,1594,1527,2880,2837,3474,2909,2734,2792,2143,2698,2181,441,2566,1302,3468,2614,1687,2120,1801,2257,2032,3217,1702,0,1619,1581,3298,1578,1581,2264,3301,1802,2903,3387,3218,3868,3536,3299,1686,1989,2082,1645,2973,2751,2066,1206,1418,1426,2868,3067,3049,3885,3237,1926,1811,4035,1308,2003,2346,1234,1768,2122,4087,1853,2228,1499,1229,1535,1624,3127,2598,2053,1549,2237,4031,3323,1793,2634,1229,2966,1835,3122,1625,2867,1729,1771,2343,1105,906,1515,1965,3208,3963,3275,1075,2467,1569,2378,3597,1393,1895,1978,1893,1582,3119,2251,2797
4082,1819,1269,728,2675,1046,1048,2442,489,2495,2415,2971,2796,2621,2678,896,1649,1926,1722,2063,869,3083,2501,1199,1753,908,2302,1720,2714,1116,1687,0,963,2849,1978,1107,1761,2852,2464,2790,2945,2817,3905,3033,2796,1151,1494,1157,1218,1923,2366,2223,1050,948,952,2483,2472,2546,3752,2734,1537,2492,3901,1470,1031,2050,653,1265,1259,3953,1350,1740,2347,1503,1032,1197,2742,2321,1694,1046,1323,3898,2922,1426,1379,1073,2565,1332,2826,618,2753,295,2118,1925,935,985,528,2205,2705,3830,2772,1923,2171,1066,2473,3212,905,2557,1225,1467,638,2718,1748,2501
3668,1370,1151,700,2118,636,441,1993,1002,2081,2000,2557,2382,2206,2264,976,1531,1394,1139,1649,1221,2669,2087,784,1339,587,1888,1161,2300,522,1385,774,0,2435,1564,548,1347,2438,2050,2376,2530,2293,3491,2619,2382,652,956,1009,611,1805,1951,1808,1333,418,292,2068,2273,2132,3338,2320,971,2078,3487,1021,788,1494,950,851,1088,3539,936,1325,1898,1054,618,590,2328,1751,1257,632,1204,3484,2508,1012,1466,624,2067,918,2269,647,2339,622,1704,1511,1232,1282,1041,1791,2291,3415,2358,1474,1671,652,2058,2797,298,2143,944,859,667,2304,1334,1944
2409,2491,2657,2834,2216,2535,2352,2216,3002,737,1292,1142,1808,1633,1690,2965,3387,2188,3054,1147,3221,1185,1495,2207,1940,2678,1422,2466,886,2579,3300,2774,2480,0,2030,2378,1413,44,1649,1802,595,1968,2231,1205,606,2563,2399,2919,2522,3661,912,1371,3333,2292,2326,649,3659,718,2079,906,2416,2090,2228,2684,2880,2309,2950,2147,2596,2280,1986,2086,2410,2969,2041,2399,1068,2342,2660,2045,2711,2225,2019,2016,3322,2539,1576,1968,2100,2647,1765,2621,2090,1051,3232,3282,3041,1927,877,2156,944,2303,2724,2075,1568,1538,2250,1742,2452,2414,2667,1843,1278,2107
3393,604,1794,1824,2343,1498,1341,1244,1992,1806,1763,2491,1835,1660,1717,2108,2524,1410,1493,1584,2210,2394,1540,923,889,1642,1182,1361,2234,1587,1739,1763,1470,2223,0,1303,1328,2226,712,1829,2313,2384,3216,2553,2316,1526,1765,1949,1511,2799,1677,992,2322,1281,1315,1793,2918,2066,3063,2255,1554,1010,3212,1000,1843,1851,1940,794,1733,3264,974,878,1125,1019,999,1389,2053,2128,1798,1034,1848,3209,2489,657,2460,1254,2132,955,2494,1636,1792,1611,366,1269,2222,2183,2030,454,2225,3140,2293,1081,2212,1064,1304,2522,1240,805,1589,1552,1657,2285,1269,2169
3564,1408,786,665,1755,195,301,2030,1222,1977,1896,2452,2277,2102,2160,805,1360,1031,1176,1545,1440,2565,1982,604,1215,339,1783,614,2195,284,1422,993,531,2330,1440,0,1242,2334,1926,2271,2426,1930,3386,2514,2277,223,592,685,248,1635,1847,1704,1553,455,516,1964,1910,2027,3233,2216,604,1954,3383,1058,540,1130,1170,713,725,3435,831,1221,2069,1092,514,333,2223,1388,1045,509,840,3380,2173,888,1294,661,1704,813,1906,826,2235,853,1580,1407,1452,1502,1260,1667,2186,3311,2254,1511,1459,506,1954,2693,277,2019,581,496,847,1968,1230,1581
2783,1594,1407,1584,1448,1284,1101,1769,1752,1102,1116,1551,1497,1322,1379,1715,2136,1035,1804,666,1970,1784,1202,957,780,1428,1003,1216,1294,1329,2050,1523,1230,1429,1437,1128,0,1432,1201,1491,1524,1489,2606,1613,1375,1312,1377,1668,1272,2411,1067,924,2083,1042,1075,1172,2530,1126,2453,1314,1166,1642,2602,1434,1630,1245,1700,897,1345,2654,736,836,1963,1719,790,1149,1443,1288,1410,795,1460,2599,1593,765,2072,1289,1236,718,1598,1397,1454,1371,1300,626,1982,2032,1790,1387,1285,2531,1352,1856,1670,824,1174,1913,1000,1295,1201,1164,1417,1390,449,1273
2412,2494,2660,2838,2219,2538,2355,2219,3005,740,1295,1146,1811,1636,1693,2968,3390,2191,3057,1150,3224,1188,1498,2210,1943,2681,1425,2469,889,2582,3303,2777,2484,47,2033,2381,1416,0,1652,1805,598,1971,2234,1208,609,2566,2402,2922,2525,3664,915,1374,3336,2295,2329,652,3662,721,2082,909,2420,2093,2231,2688,2883,2312,2953,2150,2599,2283,1990,2089,2413,2972,2044,2402,1071,2345,2664,2048,2714,2228,2022,2019,3326,2542,1579,1971,2103,2650,1769,2625,2093,1054,3235,3285,3044,1930,880,2159,947,2306,2727,2078,1571,1541,2253,1745,2455,2417,2670,1846,1281,2110
2925,968,2301,2288,2419,1929,1746,944,2374,1338,1295,2180,1367,1191,1249,2464,3062,1917,1596,1196,2587,1926,1072,1430,1269,2073,714,1868,1923,1973,1842,2146,1853,1755,507,1810,1219,1758,0,1361,1845,2460,2747,2242,1873,1957,2261,2354,1916,3336,1208,523,2602,1689,1698,1325,3338,1755,2595,1944,2061,709,2744,1471,2274,2216,2406,1301,2240,2796,1480,1385,887,1485,1506,1895,1584,2259,2324,1541,2355,2741,2564,1163,3028,1500,2207,1462,2569,2019,1324,1994,600,800,2501,2302,2413,687,1914,2672,1982,780,2641,1571,836,2054,1664,219,2096,2058,2039,2360,938,2244
2929,2266,2742,2920,2783,2620,2437,1464,3088,1414,852,2428,68,267,486,3051,3472,2371,2894,1560,3306,2002,517,2292,1927,2764,724,2552,2228,2664,3140,2859,2566,1831,1805,2463,1584,1834,1424,0,1921,2824,2752,2547,1949,2648,2713,3004,2607,3747,1264,919,3418,2377,2411,1401,3866,2060,2599,2249,2502,1652,2748,2721,2965,2581,3035,2232,2681,2800,2072,2172,2186,2740,2126,2484,1661,2624,2746,2130,2796,2745,2929,2101,3408,2624,2572,2054,2934,2732,109,2707,1865,1079,3318,3367,3126,1702,2219,2676,2287,2078,3006,2160,735,2055,2336,1517,2537,2499,2753,2725,1375,2609
2040,2398,2620,2798,2434,2498,2315,2123,2966,1072,1198,983,1715,1540,1597,2929,3350,2249,3017,1482,3184,759,1402,2170,1994,2642,1329,2430,867,2542,3263,2737,2444,925,1937,2341,1462,928,1556,1709,0,2186,1952,1186,511,2526,2591,2882,2485,3625,994,1278,3296,2255,2289,1065,3744,936,1799,1124,2380,1997,1948,2648,2843,2459,2913,2110,2559,2000,1950,2050,2317,2872,2004,2362,788,2502,2624,2008,2674,1945,2237,1979,3286,2502,1794,1932,2318,2610,1672,2585,1997,957,3196,3245,3004,1834,1095,1876,1142,2210,2884,2038,1475,1258,2214,1649,2415,2378,2631,2061,1496,2326
3760,2604,1906,2345,768,1961,2121,2745,2759,2143,2092,2036,2473,2298,2356,2178,2599,1431,2573,1741,2978,2658,2178,1964,1757,2104,1979,1733,1780,2053,2819,2531,2260,1915,2483,1952,1438,1918,2177,2467,2010,0,3582,1976,1861,1868,1534,2165,1805,2874,2043,1900,3090,2049,2083,2055,2338,1612,3429,1472,1683,2619,3579,2385,2163,924,2707,1812,1862,3631,1744,1843,2939,2488,1798,2156,2419,946,1500,1802,1828,3576,1367,1773,2535,2058,565,1725,902,2404,2431,2379,2346,1603,2989,3039,2798,2433,1442,3507,1648,2832,1231,1832,2150,2889,2007,2271,1718,1681,2424,675,1426,627
1443,3708,3931,4108,3972,3809,3625,2970,4276,2382,2509,2811,2857,2850,2908,4239,4660,3559,3787,2749,4494,1998,2713,3481,3304,3952,2639,3740,2695,3853,4033,4047,3754,2394,3247,3652,2772,2379,2866,2851,2304,3872,0,3014,2339,3836,3901,4192,3796,4935,2305,2588,4607,3566,3600,2369,5054,2622,522,2810,3690,3159,251,3770,4154,3769,4224,3421,3869,179,3260,3360,3474,3692,3314,3673,1695,3812,3934,3319,3984,263,3923,3290,4596,3692,3480,3242,4004,3921,2929,3895,3307,2268,4506,4510,4315,3145,2781,490,2848,3077,4194,3348,2785,1456,3524,2959,3725,3688,3941,3747,2796,3797
3049,3079,2863,3041,2232,2741,2558,2804,3209,1509,2063,610,2532,2357,2415,3172,3593,2205,3260,1470,3427,1767,2267,2413,2146,2885,2038,2646,463,2785,3506,2980,2687,1280,2618,2584,1620,1283,2236,2526,1041,1984,2960,0,793,2769,2415,3046,2728,3868,1684,1959,3539,2498,2532,1420,3676,759,2807,842,2623,2678,2957,2891,3086,2325,3157,2353,2802,3009,2193,2293,2998,3176,2247,2606,1797,2359,2753,2251,2855,2954,1824,2222,3529,2745,1592,2175,2116,2853,2490,2828,2678,1662,3439,3488,3247,2515,695,2885,707,2891,2740,2281,2209,2267,2457,2330,2658,2621,2874,1859,1485,2124
2285,2575,2543,2720,2102,2421,2237,2300,2888,821,1376,643,1892,1717,1774,2851,3272,2074,2940,1149,3106,1003,1579,2093,1826,2564,1506,2352,527,2465,3186,2659,2366,593,2114,2264,1299,596,1733,1886,276,1853,2196,846,0,2448,2285,2804,2408,3547,996,1455,3219,2178,2212,733,3545,603,2043,792,2302,2174,2192,2570,2766,2194,2836,2033,2481,2244,1872,1972,2494,2855,1926,2285,1033,2228,2546,1931,2596,2189,1904,1902,3208,2425,1462,1854,1986,2533,1850,2507,2174,1135,3118,3168,2927,2011,762,2120,701,2387,2610,1960,1652,1502,2136,1826,2337,2300,2553,1729,1164,1993
3697,1400,850,669,1819,160,383,2023,1174,2110,2030,2586,2411,2236,2293,810,1365,1095,1168,1678,1392,2698,2116,831,1368,343,1917,841,2329,329,1414,945,523,2464,1593,228,1376,2467,2079,2405,2560,1994,3520,2648,2411,0,656,688,311,1639,1981,1838,1504,447,508,2098,1974,2161,3367,2259,655,2107,3517,1050,545,1194,1122,940,789,3568,965,1355,1927,1084,648,538,2357,1452,1109,661,904,3513,2237,1041,1299,653,1768,947,1970,818,2369,793,1733,1541,1404,1453,1212,1821,2230,3445,2387,1504,1523,682,2088,2827,269,2172,645,560,839,2032,1363,1645
3657,1708,405,1002,1500,532,692,2331,1482,2070,1989,2546,2371,2195,2253,847,1273,798,1477,1638,1701,2658,2076,1126,1527,676,1877,793,2289,625,1723,1254,832,2424,1752,523,1336,2427,2075,2365,2519,1675,3480,2495,2370,439,0,736,424,1547,1940,1797,1813,756,817,2057,1711,2121,3327,1990,552,2266,3476,1359,735,875,1430,1031,532,3528,1274,1523,2236,1392,956,833,2317,1133,796,970,502,3473,1968,1200,1208,962,1449,1256,1651,1127,2328,1102,1893,1500,1713,1762,1521,1980,1961,3404,2167,1812,1273,990,2047,2786,578,2168,439,443,1147,1713,1323,1326
3992,1953,619,653,2026,800,937,2576,1211,2405,2324,2880,2706,2530,2588,457,999,1277,1722,1973,1429,2993,2411,1371,1862,631,2212,1128,2623,869,1968,982,1009,2759,2087,767,1670,2762,2410,2699,2854,2217,3814,2945,2705,684,845,0,601,1274,2275,2132,1541,1001,1061,2392,1823,2455,3662,2441,896,2601,3811,1604,586,1401,1158,1366,610,3863,1519,1857,2480,1637,1201,1078,2651,1672,1045,1215,673,3808,2419,1535,935,1207,1991,1500,2177,945,2663,842,2227,1835,1441,1490,1249,2315,2412,3739,2618,2057,1521,1235,2382,3121,823,2503,576,833,867,2239,1658,1852
3498,1664,539,1014,1613,724,884,2343,1572,1911,1831,2387,2212,2037,2094,847,1269,783,1444,1479,1790,2499,1917,1086,1369,868,1718,634,2130,817,1690,1343,1024,2265,1594,707,1177,2268,1916,2206,2361,1821,3321,2452,2212,632,446,896,0,1543,1782,1639,1902,873,882,1899,1662,1962,3168,1948,394,2108,3317,1326,894,989,1520,872,478,3369,1177,1364,2223,1359,971,978,2158,1246,798,991,593,3314,1925,1042,1204,929,1569,1159,1764,1203,2169,1203,1734,1342,1802,1851,1610,1821,1918,3246,2125,1779,1212,988,1889,2628,770,2010,334,248,1228,1722,1164,1439
4804,2889,1432,1479,2830,1613,1873,3512,1951,3217,3137,3693,3518,3343,3400,1219,766,2089,2658,2785,2255,3805,3223,2277,2675,1475,3024,1940,3436,1683,2904,1788,1835,3571,2899,1673,2483,3574,3222,3512,3667,3074,4627,3758,3518,1620,1657,1415,1537,0,3088,2944,2367,1937,1997,3205,1362,3268,4474,3254,1700,3414,4623,2540,1523,2205,1984,2178,1422,4675,2391,2670,3417,2573,2074,1984,3464,2457,1912,2087,1486,4620,3231,2348,866,2143,2803,2373,2981,1770,3475,1585,3040,2647,2266,2316,1990,3127,3224,4552,3430,2993,2326,2108,3195,3934,1777,3315,1389,1645,1692,3043,2470,2656
2425,1854,2076,2254,2117,1954,1771,1579,2422,267,711,1547,1227,1052,1109,2385,2806,1705,2473,733,2640,1426,914,1626,1450,2098,785,1886,1290,1998,2719,2193,1900,893,1393,1797,918,897,1012,1221,1160,2158,2248,1609,1011,1982,2047,2338,1941,3081,0,734,2752,1711,1745,312,3200,1122,2095,1311,1836,1453,2244,2104,2299,1915,2370,1566,2015,2296,1406,1506,1773,2328,1460,1819,1085,1958,2080,1464,2130,2241,2263,1435,2742,1958,1906,1388,2268,2066,1185,2041,1453,414,2652,2701,2460,1290,1281,2173,1349,1666,2340,1494,931,1555,1670,1105,1871,1834,2087,2059,942,1943
2470,1358,1923,2101,1964,1801,1618,1083,2268,883,840,1726,889,714,771,2232,2653,1551,1986,741,2487,1471,594,1473,1035,1945,503,1732,1469,1845,2232,2040,1747,1301,897,1644,765,1304,516,883,1390,2005,2293,1788,1418,1829,1893,2185,1788,2928,754,0,2599,1558,1592,871,3046,1301,2140,1489,1683,957,2289,1813,2146,1762,2216,1413,1862,2341,1253,1367,1277,1832,1307,1665,1130,1805,1927,1311,1977,2286,2110,1282,2589,1805,1753,1235,2115,1913,846,1888,957,346,2498,2548,2307,794,1460,2218,1527,1170,2187,1341,380,1600,1516,609,1718,1680,1933,1906,483,1790
4355,1912,1584,1174,3049,1386,1277,2250,696,2768,2688,3244,3069,2894,2951,1409,1964,2107,1097,2336,339,3356,2774,1472,2026,1248,2575,1982,2987,1456,1063,885,1320,3122,2165,1384,2034,3125,2457,3063,3218,3090,4178,3306,3069,1491,1792,1472,1448,2239,2639,2495,0,1221,1225,2755,2788,2819,4025,3007,1852,2467,4174,1743,1347,2330,500,1538,1574,4226,1623,2013,2154,1817,1305,1427,3015,2588,2009,1319,1638,4171,3195,1699,1900,1346,2838,1605,3200,891,3026,989,2358,2198,143,397,749,2478,2978,4102,3045,1730,2486,1339,2746,3484,1262,2551,1541,1696,911,2991,2021,2875
3486,1320,1008,841,1976,482,299,1943,1037,1898,1818,2374,2199,2024,2082,1016,1614,1252,1089,1466,1256,2486,1904,602,1156,625,1705,1019,2117,526,1335,809,516,2252,1381,405,1164,2255,1867,2193,2348,2151,3308,2436,2199,510,813,906,469,1889,1769,1626,1368,0,361,1886,2131,1949,3155,2138,828,1895,3305,971,827,1351,985,668,946,3357,753,1143,1848,1004,436,448,2145,1609,1207,450,1061,3302,2325,829,1581,574,1925,735,2127,682,2157,657,1522,1329,1267,1317,1076,1609,2108,3233,2176,1424,1621,470,1876,2615,217,1961,802,717,702,2122,1152,1802
3571,1273,1148,820,2130,622,439,1896,900,1984,1903,2460,2285,2110,2167,1054,1609,1288,1042,1552,1118,2572,1990,687,1242,740,1791,1160,2203,667,1288,671,248,2338,1467,546,1250,2341,1953,2279,2433,2306,3394,2522,2285,650,954,1047,610,1884,1855,1711,1231,383,0,1971,2173,2035,3241,2223,969,1981,3390,924,942,1453,848,754,1087,3442,839,1228,1801,957,521,589,2231,1750,1160,535,1202,3387,2411,915,1545,527,2054,821,2229,544,2242,519,1607,1414,1130,1180,938,1694,2194,3318,2261,1377,1574,555,1962,2700,358,2046,943,858,565,2207,1237,1904
2365,2074,2296,2474,2337,2174,1991,1799,2642,124,875,1301,1391,1216,1273,2605,3026,1925,2693,697,2860,1366,1078,1846,1692,2318,1005,2106,1044,2218,2939,2413,2120,647,1613,2017,1165,651,1232,1385,914,2126,2188,1363,765,2202,2267,2558,2161,3301,320,954,2972,1931,1965,0,3420,876,2035,1065,2056,1673,2184,2324,2519,2135,2590,1787,2235,2236,1626,1726,1993,2548,1680,2039,1025,2178,2300,1684,2350,2181,2177,1655,2962,2178,1735,1608,2259,2286,1348,2261,1673,634,2872,2921,2680,1510,1035,2112,1103,1886,2560,1714,1151,1494,1890,1325,2091,2054,2307,2002,1031,2163
4828,2862,1627,2089,1917,1938,2098,3485,2561,3240,3160,3763,3541,3366,3423,1830,898,2112,2630,2808,2865,3828,3246,2415,2698,2085,3047,1963,3506,2030,2877,2399,2237,3641,2923,1928,2506,3645,3245,3535,3737,2372,4650,3703,3588,1845,1823,2025,1829,1457,3111,2968,2977,2060,2068,3228,0,3338,4497,3198,1827,3437,4647,2513,2133,2015,2595,2201,1626,4699,2495,2693,3389,2546,2177,2239,3487,1902,1618,2191,1607,4643,2606,2371,1545,2116,2292,2477,2155,2381,3499,2195,3063,2671,2877,2926,2600,3150,3169,4575,3375,2966,1686,2211,3218,3957,1984,3339,1555,1773,2303,2320,2493,2012
2729,2560,2344,2522,1896,2222,2039,2285,2690,990,1544,715,2014,1838,1896,2653,3074,1869,2741,951,2908,1505,1748,1895,1627,2366,1520,2154,458,2267,2987,2461,2168,761,2099,2065,1101,764,1718,2007,857,1648,2551,777,650,2250,2079,2606,2209,3349,1165,1440,3021,1979,2013,902,3340,0,2398,392,2104,2159,2548,2372,2568,1989,2638,1835,2283,2600,1674,1774,2479,2657,1728,2087,1388,2023,2348,1733,2398,2545,1699,1703,3010,2227,1256,1656,1780,2334,1971,2309,2159,1143,2920,2970,2728,1996,468,2476,364,2372,2404,1762,1690,1858,1938,1811,2139,2102,2355,1523,966,1788
1130,3395,3618,3795,3659,3495,3312,2977,3963,2069,2196,2498,2712,2537,2595,3926,4347,3246,3729,2436,4181,1685,2400,3168,2991,3639,2326,3427,2382,3540,3975,3734,3441,2081,2934,3339,2459,2066,2553,2706,1991,3559,405,2701,2026,3523,3588,3879,3482,4622,1991,2275,4294,3253,3286,2056,4741,2309,0,2497,3377,2994,203,3645,3841,3456,3911,3108,3556,427,2947,3047,3315,3634,3001,3360,1382,3499,3621,3006,3671,200,3610,2976,4283,3500,3167,2929,3691,3607,2670,3582,2994,1955,4193,4243,4001,2831,2468,236,2535,3019,3881,3035,2472,1142,3211,2646,3412,3375,3628,3434,2483,3484
2867,2698,2277,2660,1722,2360,2177,2423,2828,1128,1682,844,2151,1976,2034,2647,3017,1695,2879,1089,3046,1643,1886,2032,1765,2504,1657,2136,587,2404,3125,2599,2306,899,2237,2203,1239,902,1855,2145,998,1474,2689,828,750,2239,1906,2536,2169,3292,1303,1578,3158,2117,2151,1039,3166,353,2536,0,2047,2297,2686,2510,2535,1815,2776,1972,2226,2738,1812,1912,2617,2795,1866,2225,1526,1849,2243,1870,2346,2683,1525,1841,2953,2364,1082,1794,1606,2472,2109,2447,2297,1281,3058,3107,2866,2134,147,2614,213,2510,2230,1900,1828,1996,2076,1949,2082,2045,2493,1350,1104,1614
3676,1513,717,816,1636,337,497,2136,1287,2089,2009,2565,2390,2215,2272,619,1217,961,1282,1657,1506,2677,2095,931,1482,481,1896,812,2308,429,1528,1059,636,2443,1707,328,1355,2446,2094,2384,2539,1811,3499,2630,2390,244,474,509,129,1492,1960,1816,1618,561,622,2076,1840,2140,3346,2126,0,2221,3495,1164,507,1012,1235,994,655,3547,1079,1469,2041,1197,761,638,2336,1269,976,775,771,3492,2103,1155,1153,767,1585,1061,1787,932,2347,907,1847,1519,1517,1567,1326,1934,2096,3423,2302,1617,1390,795,2067,2805,383,2187,511,179,952,1849,1342,1462
3183,896,2312,2217,2677,1857,1674,517,2302,1596,1553,2439,1480,1433,1491,2392,2990,1929,1524,1454,2515,2184,1314,1441,1380,2001,973,1880,2182,1902,1770,2074,1781,2014,518,1781,1478,2017,518,1473,2103,2718,2926,2501,2131,1885,2189,2282,1845,3265,1467,782,2530,1618,1626,1584,3266,2014,2853,2202,2072,0,3002,1400,2203,2370,2334,1312,2251,3054,1492,1396,816,1414,1517,1824,1843,2518,2253,1552,2366,2999,2822,1175,2957,1429,2466,1473,2828,1947,1566,1922,712,1059,2429,2230,2341,796,2173,2931,2240,708,2667,1582,841,2313,1593,611,2107,2070,1967,2619,1196,2503
1306,3571,3794,3971,3835,3672,3488,3153,4139,2245,2372,2674,2888,2713,2771,4102,4524,3422,3809,2612,4357,1862,2576,3344,3167,3815,2502,3603,2558,3716,4056,3910,3617,2257,3110,3515,2635,2242,2729,2882,2167,3735,201,2877,2203,3699,3764,4056,3659,4798,2168,2451,4470,3429,3463,2232,4917,2485,211,2674,3553,3170,0,3793,4017,3632,4087,3284,3732,270,3123,3223,3491,3715,3177,3536,1558,3675,3797,3182,3848,14,3786,3153,4459,3676,3343,3105,3867,3784,2846,3758,3170,2131,4369,4419,4178,3008,2644,332,2711,3100,4057,3212,2648,1319,3387,2822,3588,3551,3804,3611,2659,3660
3688,753,1493,1327,2332,968,784,1728,1413,2101,2020,2577,2402,2227,2284,1502,2100,1397,1005,1669,1631,2689,2107,570,984,1111,1908,1171,2320,1012,1251,1184,891,2455,979,891,1371,2458,1465,2396,2551,2427,3511,2639,2402,995,1299,1392,955,2375,1972,1748,1743,728,736,2088,2376,2152,3358,2340,1235,1493,3507,0,1313,1656,1360,706,1432,3559,960,1208,1506,384,685,934,2348,1908,1363,854,1547,3504,2532,657,2067,504,2175,941,2431,1057,2359,1032,1120,1531,1643,1692,1451,1207,2311,3435,2378,1340,1777,792,2079,2817,703,1559,1288,1203,1078,2328,1354,2107
3990,1692,786,570,2028,413,676,2315,1128,2403,2322,2879,2704,2529,2586,611,1166,1304,1461,1971,1346,2991,2409,1077,1688,268,2210,1087,2622,483,1707,899,687,2757,1913,474,1669,2760,2399,2698,2853,2203,3813,2941,2704,518,865,546,521,1441,2274,2130,1458,740,800,2390,1990,2454,3660,2468,816,2427,3809,1343,0,1403,1076,1186,776,3861,1258,1648,2220,1376,940,784,2650,1661,1211,982,840,3806,2446,1361,1102,946,1977,1240,2179,827,2661,759,2054,1833,1358,1407,1166,2141,2439,3737,2680,1796,1688,980,2381,3119,562,2493,743,769,784,2241,1656,1854
3485,2329,1305,1752,625,1360,1520,2470,2309,1897,1817,2236,2198,2023,2081,1585,2006,1020,2225,1466,2528,2485,1903,1689,1482,1503,1704,1458,1979,1452,2471,2081,1659,2114,2208,1351,1163,2117,1902,2192,2209,869,3307,2175,2061,1267,933,1564,1251,2281,1768,1625,2640,1584,1644,1885,1972,1811,3154,1671,1380,2344,3304,2107,1562,0,2257,1537,1332,3356,1469,1568,2664,2141,1523,1661,2144,311,858,1527,1235,3301,1344,1498,1942,1710,764,1450,775,1955,2156,1940,2071,1328,2539,2589,2348,2158,1641,3232,1848,2561,693,1557,1875,2614,1406,1996,1261,1270,1965,838,1151,450
4347,2089,1606,1065,3041,1384,1269,2606,374,2760,2679,3235,3061,2885,2943,1234,1986,2098,1454,2328,543,3348,2766,1463,2017,1245,2567,1973,2978,1453,1420,644,1301,3114,2242,1444,2025,3117,2728,3054,3209,3082,4169,3297,3060,1489,1831,1494,1439,2200,2630,2487,723,1212,1216,2747,2810,2810,4017,2999,1874,2756,4166,1734,1369,2388,0,1529,1596,4218,1615,2004,2511,1768,1297,1418,3006,2580,2031,1311,1660,4163,3186,1690,1716,1338,2830,1596,3192,882,3018,668,2383,2190,601,717,335,2470,2969,4094,3037,2087,2508,1331,2737,3476,1243,2822,1563,1687,903,2983,2013,2867
3365,957,1407,1287,2038,893,804,1635,1454,1778,1698,2254,2079,1904,1961,1503,2058,1023,1506,1346,1673,2366,1784,275,661,1037,1585,835,1997,982,1752,1226,933,2132,886,698,1023,2135,1372,2073,2228,2079,3188,2316,2079,921,1290,1383,946,2333,1649,1506,1785,744,778,1766,2531,1829,3035,2018,1130,1400,3184,738,1238,1464,1402,0,1346,3236,612,885,1515,1011,349,851,2025,1741,1411,497,1461,3181,2184,334,1992,744,1827,594,2189,1099,2036,1074,1026,1209,1684,1734,1493,1113,1988,3113,2055,1471,1825,424,1756,2495,702,1465,1202,1194,1119,1980,1031,1864
3799,1965,154,909,1714,804,965,2643,1466,2211,2131,2687,2512,2337,2395,742,1163,1084,1749,1780,1684,2799,2217,1386,1669,904,2018,934,2430,897,1996,1237,1104,2565,1894,795,1477,2569,2216,2506,2661,1904,3621,2752,2512,712,483,844,696,1438,2082,1939,1797,1028,1089,2199,1619,2262,3468,2248,694,2408,3618,1631,937,1089,1414,1172,0,3670,1477,1664,2523,1665,1229,1105,2458,1359,732,1291,487,3615,2225,1342,1099,1235,1678,1459,1864,1200,2470,1097,2034,1642,1696,1746,1504,2121,2218,3546,2425,2085,1209,1289,2189,2928,851,2310,178,640,1122,1927,1465,1539
1451,3716,3938,4116,3979,3816,3633,3330,4283,2389,2516,2818,3033,2857,2915,4246,4668,3566,3722,2756,4502,2006,2720,3488,3312,3960,2646,3747,2702,3860,3968,4055,3762,2402,3255,3659,2780,2387,2873,3027,2311,3879,168,3021,2347,3844,3908,4200,3803,4943,2312,2596,4614,3573,3607,2377,5061,2629,457,2818,3698,3315,287,3705,4161,3777,4231,3428,3877,0,3268,3368,3409,3627,3322,3680,1702,3820,3942,3326,3992,299,3930,3297,4604,3626,3488,3249,4012,3928,2990,3903,3315,2275,4513,4445,4322,3152,2788,497,2856,3012,4202,3356,2792,1463,3531,2967,3733,3695,3948,3755,2803,3805
2914,1337,1356,1321,1608,1021,838,1900,1488,1327,1246,1803,1628,1453,1510,1556,2086,946,1540,895,1707,1915,1333,693,689,1165,1134,1001,1546,1065,1786,1260,967,1681,1180,864,593,1684,1332,1622,1776,1649,2737,1865,1628,1049,1353,1445,1008,2361,1198,1054,1819,778,812,1314,2479,1378,2584,1566,1116,1773,2733,1171,1366,1387,1436,633,1295,2785,0,579,1895,1455,527,885,1574,1449,1360,531,1410,2730,1754,508,2022,1025,1397,60,1759,1133,1585,1108,1043,757,1719,1768,1527,1130,1537,2661,1604,1851,1774,561,1305,2043,737,1425,1151,1113,1153,1550,580,1434
3145,1395,1587,1622,1839,1323,1139,2074,1790,1558,1477,2034,1859,1684,1741,1857,2317,1177,1842,1126,2009,2146,1564,1036,725,1466,1365,1302,1777,1367,2088,1561,1268,1912,1238,1166,824,1915,1447,1853,2008,1880,2968,2096,1859,1351,1557,1747,1310,2592,1429,1285,2121,1080,1114,1545,2710,1609,2815,1797,1347,1839,2964,1360,1668,1618,1738,907,1526,3016,774,0,1954,1592,829,1187,1805,1680,1591,833,1641,2961,1985,544,2253,1367,1628,756,1990,1435,1816,1409,1101,988,2020,2070,1829,1188,1768,2892,1835,1910,2005,863,1536,2274,1038,1540,1382,1344,1455,1781,811,1665
3723,1050,2276,2109,3188,1750,1567,883,2195,2136,2093,2978,2165,1989,2047,2285,2883,2255,1417,1993,2414,2724,1870,1768,1707,1894,1512,2206,2721,1794,1663,1967,1674,2553,844,1674,2017,2556,1057,2159,2642,3229,3545,3040,2671,1778,2082,2175,1737,3157,2006,1321,2440,1510,1519,2123,3159,2553,3393,2742,2018,1067,3542,1400,2096,2439,2143,1639,2215,3594,1818,1723,0,1322,1628,1716,2382,2690,2145,1642,2330,3539,3333,1501,2850,1322,2977,1800,3338,1840,2122,1815,1038,1598,2339,2140,2234,1232,2712,3470,2779,371,2560,1662,1634,2852,1486,1151,2071,1985,1860,3130,1736,3014
3986,868,1669,1503,2508,1143,960,1813,1588,2399,2318,2874,2699,2524,2582,1678,2276,1694,1003,1967,1807,2987,2404,868,1281,1287,2024,1468,2617,1188,1249,1360,1067,2753,1064,1067,1668,2756,1550,2693,2848,2725,3808,2936,2699,1171,1475,1568,1131,2551,2269,1833,1919,904,912,2386,2552,2449,3656,2638,1411,1579,3805,475,1489,1832,1536,1004,1608,3857,1257,1505,1621,0,982,1110,2645,2084,1539,1035,1723,3802,2829,954,2243,680,2472,1239,2607,1233,2657,1208,1205,1829,1819,1726,1627,1292,2608,3733,2676,1338,1953,1089,2146,3115,879,1644,1464,1379,1253,2626,1652,2282
3102,1068,1334,1158,1796,735,675,1747,1326,1515,1434,1991,1816,1640,1698,1345,1900,1011,1377,1083,1544,2103,1521,363,773,879,1322,676,1734,824,1623,1097,804,1869,997,540,781,1872,1484,1810,1964,1837,2925,2053,1815,763,1132,1225,787,2175,1385,1242,1656,615,649,1502,2457,1566,2772,1754,972,1512,2921,850,1080,1452,1274,285,1272,2973,370,759,1627,1123,0,723,1762,1637,1391,368,1388,2918,1942,446,1834,856,1585,352,1947,970,1773,945,1138,945,1556,1605,1364,1225,1725,2849,1792,1583,1805,266,1492,2231,574,1577,1128,1036,991,1738,768,1622
3636,1559,972,915,1940,446,206,2182,1274,2049,1969,2525,2350,2175,2232,980,1578,1216,1328,1617,1492,2637,2055,753,1307,589,1856,866,2268,490,1574,1045,664,2403,1532,330,1315,2406,2018,2344,2499,2115,3459,2587,2350,473,777,870,433,1853,1920,1776,1605,567,598,2036,2095,2100,3306,2288,792,2046,3455,1210,791,1315,1222,819,910,3507,904,1294,2087,1243,586,0,2296,1573,1230,600,1025,3452,2358,980,1545,813,1889,886,2091,919,2307,893,1672,1479,1504,1554,1313,1759,2259,3383,2326,1663,1645,620,2027,2765,404,2111,766,681,939,2153,1302,1766
1819,2210,2433,2610,2474,2311,2127,1936,2778,884,1011,1313,1528,1352,1410,2741,3163,2061,2830,1251,2996,690,1215,1983,1806,2454,1141,2242,1197,2355,3076,2549,2256,897,1749,2154,1274,881,1368,1521,806,2374,1642,1516,842,2338,2403,2695,2298,3437,807,1090,3109,2068,2102,871,3556,1124,1489,1313,2192,1809,1638,2460,2656,2272,2726,1923,2371,1690,1762,1862,2130,2685,1817,2175,0,2314,2436,1821,2487,1635,2425,1792,3098,2315,1982,1744,2506,2423,1485,2397,1809,770,3008,3058,2817,1647,1283,1567,1350,2023,2696,1851,1287,949,2026,1461,2227,2190,2443,2250,1298,2299
3638,2531,1366,1812,747,1421,1581,2624,2370,2051,1970,2389,2352,2177,2234,1645,2067,1208,2258,1619,2588,2639,2057,1950,1635,1564,1858,1591,2132,1513,2504,2141,1720,2267,2362,1411,1317,2271,2056,2346,2363,1090,3461,2329,2214,1328,994,1625,1312,2342,1922,1778,2701,1644,1705,2038,1889,1964,3308,1824,1441,2497,3457,2140,1623,335,2318,1739,1392,3509,1622,1722,2818,2173,1676,1721,2298,0,891,1681,1296,3454,1438,1651,2003,1743,918,1604,898,2016,2309,2001,2225,1481,2600,2650,2408,2312,1795,3385,2001,2593,490,1710,2029,2767,1467,2149,1322,1331,2026,932,1304,573
4040,2012,781,1183,1440,1074,1234,2635,1740,2453,2372,2762,2754,2578,2636,1016,1437,1001,1780,2021,1958,3041,2459,1565,1848,1179,2260,1113,2506,1166,2026,1511,1373,2641,2073,1065,1719,2644,2458,2748,2736,1634,3863,2702,2587,981,647,1118,966,1712,2323,2180,2071,1210,1218,2440,1632,2338,3710,2198,1007,2587,3859,1662,1211,815,1688,1351,763,3911,1645,1843,2539,1696,1327,1375,2699,1073,0,1341,666,3856,2159,1521,1373,1265,1470,1627,1591,1474,2711,1371,2213,1883,1970,2020,1779,2300,2168,3787,2374,2116,906,1361,2430,3169,1120,2551,692,985,1396,1653,1706,1266
3290,1256,1128,902,1984,602,419,1934,1070,1703,1622,2178,2003,1828,1886,1137,1733,1014,1121,1271,1288,2290,1708,330,960,746,1509,673,1921,646,1367,841,548,2056,1185,526,968,2060,1671,1997,2152,2025,3112,2240,2003,630,934,1027,589,2007,1573,1430,1400,359,393,1690,2251,1753,2959,1942,949,1699,3109,807,947,1455,1017,439,1067,3161,557,947,1814,1036,240,466,1949,1732,1239,0,1182,3106,2129,633,1668,606,1773,539,2134,714,1961,689,1326,1133,1300,1349,1108,1413,1912,3037,1980,1456,1653,232,1680,2419,318,1765,923,837,735,1926,956,1810
3844,2010,417,842,1829,850,1010,2688,1399,2257,2176,2733,2558,2383,2440,675,1096,1129,1795,1825,1618,2845,2263,1431,1714,838,2064,980,2476,942,2041,1171,1198,2611,1939,841,1523,2614,2262,2552,2706,2020,3667,2798,2558,757,613,778,742,1371,2128,1984,1730,1074,1134,2244,1484,2308,3514,2293,740,2454,3663,1677,870,1204,1347,1218,404,3715,1523,1710,2569,1710,1274,1151,2504,1474,847,1336,0,3660,2271,1388,1032,1280,1793,1505,1979,1133,2515,1030,2080,1687,1629,1679,1438,2167,2264,3591,2470,2130,1324,1334,2235,2973,896,2355,333,685,1055,2042,1510,1654
1306,3571,3794,3971,3835,3671,3488,3153,4139,2245,2372,2674,2888,2713,2771,4102,4523,3422,3823,2612,4357,1861,2576,3344,3167,3815,2502,3603,2558,3716,4070,3910,3617,2257,3110,3515,2635,2242,2729,2882,2167,3735,213,2877,2202,3699,3764,4055,3659,4798,2168,2451,4470,3429,3463,2232,4917,2485,211,2673,3553,3170,14,3807,4017,3632,4087,3284,3732,282,3123,3223,3491,3728,3177,3536,1558,3675,3797,3182,3847,0,3786,3152,4459,3676,3343,3105,3867,3784,2846,3758,3170,2131,4369,4419,4177,3008,2644,332,2711,3114,4057,3211,2648,1318,3387,2822,3588,3551,3804,3610,2659,3660
3898,2933,2203,2727,1058,2258,2418,3035,3049,2159,2382,2052,2763,2588,2645,2572,2943,1620,2863,2120,3267,2674,2468,2352,2046,2401,2269,2062,1795,2350,3109,2820,2557,1930,2773,2248,1728,1933,2467,2757,2026,1150,3720,1991,1877,2165,1831,2462,2095,3218,2334,2190,3380,2339,2373,2070,2568,1627,3567,1487,1973,2908,3717,2714,2460,1338,2997,2141,2152,3769,2033,2133,3229,2778,2087,2446,2557,1381,1935,2092,2271,3714,0,2063,2879,2348,940,2015,761,2694,2720,2668,2636,1893,3279,3329,3088,2723,1458,3645,1664,3122,1686,2121,2440,3027,2304,2561,2008,1970,2714,769,1715,950
3045,936,1463,1493,2030,1167,1010,1614,1661,1458,1378,1934,1759,1584,1641,1777,2193,1080,1650,1026,1879,2046,1464,592,341,1311,1265,1031,1677,1256,1896,1432,1139,1812,865,972,1014,1815,1193,1753,1908,2071,2868,1996,1759,1195,1434,1618,1180,2468,1329,1185,1991,950,984,1445,2587,1509,2715,1697,1223,1379,2864,945,1512,1521,1609,463,1402,2916,588,565,1494,1132,668,1058,1705,1797,1467,703,1517,2861,2175,0,2129,951,1819,569,2181,1305,1716,1280,848,888,1891,1940,1699,935,1668,2792,1735,1450,1881,733,1436,2174,909,1287,1258,1221,1326,1972,711,1856
4455,2495,1083,1102,2481,1216,1479,3118,1512,2868,2788,3344,3169,2994,3051,871,686,1740,2264,2436,1892,3456,2874,1880,2326,1078,2675,1591,3087,1286,2510,1349,1458,3222,2551,1276,2134,3225,2873,3163,3318,2725,4278,3409,3169,1271,1308,1066,1188,843,2739,2596,1990,1543,1603,2856,1509,2919,4125,2905,1351,3065,4274,2146,1174,1856,1607,1829,1073,4326,2014,2404,3022,2179,1696,1586,3115,2108,1563,1710,1137,4271,2882,1999,0,1749,2454,1996,2632,1393,3126,1145,2691,2299,1889,1939,1550,2778,2875,4203,3082,2599,1977,1783,2846,3585,1365,2967,1040,1296,1315,2694,2121,2307
3656,1156,1254,1088,2093,728,545,1730,1173,2069,1988,2544,2370,2194,2252,1263,1861,1252,876,1637,1392,2657,2075,607,1040,872,1876,1102,2288,773,1122,945,652,2423,1265,652,1335,2426,1751,2364,2518,2289,3479,2607,2369,756,1060,1153,716,2136,1939,1796,1504,489,497,2056,2137,2120,3326,2308,996,1779,3475,466,1074,1417,1121,763,1193,3527,924,1264,1634,698,606,695,2315,1669,1124,620,1308,3472,2393,713,1828,0,2037,905,2192,818,2327,793,1405,1499,1404,1453,1212,1492,2279,3403,2346,1211,1538,640,2046,2785,464,1844,1049,964,838,2190,1322,1867
3365,2443,1712,2236,927,1767,1927,2544,2558,1627,1891,1520,2272,2097,2155,2081,2452,1130,2372,1588,2777,2141,1977,1862,1556,1910,1778,1571,1263,1859,2618,2330,2066,1398,2282,1758,1237,1401,1976,2266,1493,609,3188,1459,1344,1674,1340,1971,1604,2727,1801,1699,2889,1848,1882,1538,2370,1095,3035,955,1482,2418,3184,2224,1969,950,2506,1650,1661,3236,1543,1642,2738,2287,1597,1955,2025,984,1515,1601,1785,3181,847,1572,2388,1857,0,1524,811,2203,2230,2178,2145,1402,2788,2838,2597,2232,925,3112,1132,2631,1365,1631,1949,2494,1813,2070,1517,1480,2223,554,1225,819
2908,1312,1350,1296,1602,997,813,1894,1464,1321,1241,1797,1622,1447,1504,1531,2127,940,1516,889,1682,1909,1327,669,665,1140,1128,976,1540,1041,1762,1235,942,1675,1155,840,587,1678,1364,1616,1771,1643,2731,1859,1622,1024,1328,1421,984,2402,1192,1048,1795,754,788,1309,2473,1372,2578,1560,1110,1767,2727,1146,1342,1381,1412,609,1289,2779,60,554,1871,1431,502,861,1568,1443,1354,507,1404,2724,1748,484,2063,1001,1391,0,1753,1109,1579,1083,1018,751,1694,1744,1503,1105,1531,2656,1598,1827,1768,536,1299,2038,712,1457,1145,1107,1129,1544,574,1428
3986,2831,1868,2315,519,1923,2084,2972,2873,2418,2319,2311,2700,2525,2582,2148,2570,1658,2763,1967,3091,2933,2405,2191,1983,2067,2206,1959,2054,2016,3009,2644,2223,2189,2710,1914,1665,2192,2404,2694,2285,920,3809,2250,2136,1831,1497,2128,1815,2844,2270,2127,3203,2147,2208,2329,2101,1886,3656,1746,1944,2846,3806,2645,2126,799,2821,2039,1895,3858,1970,2070,3166,2678,2025,2224,2646,842,1396,2029,1799,3802,814,2000,2505,2248,839,1952,0,2518,2658,2504,2573,1830,3103,3152,2911,2660,1716,3734,1923,3059,1189,2059,2377,3116,1970,2498,1825,1834,2529,730,1652,410
3833,1570,1069,659,2527,871,755,2193,827,2246,2165,2722,2547,2371,2429,894,1449,1584,1339,1814,1046,2834,2252,949,1504,732,2053,1459,2465,940,1669,599,804,2600,1728,862,1512,2603,2215,2541,2695,2568,3656,2784,2546,976,1270,957,925,1723,2116,1973,1158,698,703,2233,2272,2297,3503,2485,1285,2243,3652,1221,831,1808,775,1016,1059,3704,1101,1490,2097,1254,783,904,2493,2066,1494,797,1123,3649,2673,1177,1384,824,2316,1083,2678,0,2504,491,1869,1676,1057,984,866,1956,2456,3580,2523,1674,1871,817,2223,2962,674,2308,1026,1174,180,2469,1499,2353
2925,2190,2666,2844,2707,2544,2361,1536,3012,1338,776,2352,116,209,476,2975,3396,2295,2818,1484,3230,1926,441,2216,1851,2688,648,2476,2152,2588,3065,2783,2490,1755,1729,2387,1508,1759,1348,108,1845,2748,2748,2471,1873,2572,2637,2928,2531,3671,1189,843,3342,2301,2335,1325,3790,1984,2595,2173,2426,1724,2744,2645,2890,2505,2960,2157,2605,2796,1996,2096,2110,2665,2050,2409,1585,2548,2670,2054,2720,2741,2853,2025,3332,2548,2496,1978,2858,2656,0,2631,1789,1004,3242,3291,3050,1627,2143,2672,2211,2002,2930,2084,659,2054,2260,1441,2461,2424,2677,2649,1299,2533
3980,1772,980,439,2386,758,759,2395,474,2393,2312,2868,2693,2518,2576,608,1360,1637,1540,1961,854,2981,2398,1096,1650,619,2199,1432,2611,827,1692,311,674,2746,1875,818,1658,2750,2361,2687,2842,2577,3802,2930,2693,863,1205,868,930,1634,2263,2120,1034,819,883,2380,2183,2443,3649,2632,1248,2389,3799,1422,743,1762,658,1162,970,3851,1247,1637,2299,1456,930,909,2639,2032,1405,944,1034,3796,2819,1323,1090,1025,2351,1229,2537,515,2651,0,2016,1823,940,990,512,2103,2602,3727,2670,1876,1882,964,2370,3109,617,2455,937,1178,535,2616,1646,2212
3265,728,1919,1948,2468,1622,1465,1222,2116,1678,1634,2361,1707,1531,1589,2233,2648,1535,1546,1454,2334,2266,1412,1048,800,1766,1054,1486,2105,1712,1792,1887,1594,2095,273,1427,1452,2098,584,1701,2184,2509,3087,2424,2186,1650,1889,2073,1636,2923,1548,863,2447,1406,1440,1665,3042,1937,2934,2125,1678,987,3084,1124,1968,1976,2064,919,1857,3136,1098,1003,1143,1143,1123,1513,1924,2253,1922,1159,1973,3081,2613,781,2584,1379,2257,1080,2618,1761,1664,1735,0,1140,2346,2236,2155,325,2096,3012,2163,1058,2337,1189,1176,2394,1364,677,1713,1676,1781,2410,1139,2293
2334,1625,1663,1840,1704,1541,1358,1350,2008,754,666,1465,1047,872,930,1971,2393,1291,2060,481,2227,1335,752,1213,1036,1684,553,1472,1208,1585,2306,1780,1486,1164,1164,1384,504,1167,783,1041,1253,1745,2156,1528,1290,1569,1633,1925,1528,2667,729,505,2339,1298,1332,734,2786,1040,2004,1229,1422,1224,2153,1690,1886,1502,1956,1153,1601,2205,992,1092,1544,1975,1047,1405,993,1544,1666,1051,1717,2150,1849,1022,2328,1545,1493,974,1854,1653,1005,1627,1224,0,2238,2288,2047,1061,1199,2081,1267,1437,1926,1081,724,1463,1256,876,1458,1420,1673,1646,517,1529
4414,1971,1643,1233,3108,1445,1336,2308,644,2827,2746,3303,3128,2952,3010,1504,2023,2165,1156,2395,288,3415,2833,1530,2085,1307,2634,2040,3046,1515,1122,914,1379,3181,2224,1443,2093,3184,2516,3122,3276,3149,4237,3365,3128,1550,1851,1531,1507,2352,2697,2554,309,1280,1284,2814,2846,2878,4084,3066,1911,2526,4233,1802,1406,2389,559,1597,1633,4285,1682,2071,2213,1876,1364,1485,3074,2647,2068,1378,1697,4230,3254,1758,1986,1405,2897,1664,3259,950,3085,938,2417,2257,0,456,698,2537,3037,4161,3104,1789,2545,1398,2804,3543,1321,2610,1600,1755,970,3050,2080,2934
4328,1701,1557,1147,3022,1359,1250,2167,766,2741,2660,3217,3042,2867,2924,1382,1937,2080,1015,2309,582,3329,2747,1445,1999,1221,2548,1955,2960,1429,980,858,1293,3095,1954,1357,2007,3098,2375,3036,3191,3063,4151,3279,3042,1464,1765,1445,1421,2212,2612,2468,486,1194,1198,2728,2761,2792,3998,2980,1825,2384,4147,1684,1320,2303,473,1511,1547,4199,1596,1986,2072,1606,1278,1400,2988,2561,1982,1292,1611,4144,3168,1672,1873,1319,2811,1578,3173,864,2999,968,2147,2171,385,0,754,2341,2951,4075,3018,1648,2459,1312,2719,3457,1235,2468,1514,1669,884,2964,1994,2848
4096,1838,1324,915,2790,1126,1018,2553,85,2508,2428,2984,2809,2634,2692,1106,1704,1847,1401,2076,602,3096,2514,1212,1766,988,2315,1722,2727,1196,1366,516,1060,2862,1991,1125,1774,2865,2477,2803,2958,2831,3918,3046,2809,1231,1533,1213,1188,1979,2379,2236,715,961,965,2496,2528,2559,3765,2748,1593,2505,3915,1483,1087,2071,332,1278,1315,3967,1363,1753,2438,1516,1046,1167,2755,2328,1750,1059,1378,3912,2935,1439,1588,1086,2579,1345,2940,631,2767,540,2132,1939,614,664,0,2219,2718,3843,2785,2034,2226,1080,2486,3225,1002,2571,1281,1436,651,2732,1762,2615
3093,857,2048,2077,2587,1751,1594,1230,2245,1506,1463,2348,1535,1359,1417,2361,2777,1664,1790,1364,2463,2094,1240,1176,930,1895,882,1615,2091,1840,2036,2016,1723,1923,516,1556,1387,1926,412,1529,2013,2628,2915,2410,2041,1779,2018,2202,1764,3052,1376,691,2576,1534,1568,1493,3171,1923,2763,2112,1807,995,2912,1253,2096,2105,2193,1048,1986,2964,1227,1132,1174,1272,1252,1642,1752,2381,2051,1288,2101,2909,2732,910,2713,1508,2375,1209,2737,1889,1492,1864,397,968,2475,2479,2283,0,2082,2840,2149,1066,2465,1317,1004,2222,1493,505,1842,1805,1910,2528,1106,2412
2825,2656,2235,2618,1681,2318,2135,2381,2786,1086,1640,775,2110,1934,1992,2605,2976,1653,2837,1047,3004,1601,1844,1991,1724,2462,1616,2095,531,2363,3084,2557,2264,857,2195,2162,1197,861,1814,2103,942,1432,2647,662,694,2198,1864,2495,2128,3250,1261,1536,3117,2075,2109,998,3124,443,2495,142,2005,2255,2644,2468,2493,1773,2734,1931,2184,2696,1770,1870,2575,2753,1824,2183,1484,1807,2201,1829,2304,2641,1483,1799,2911,2323,1040,1752,1565,2430,2067,2405,2255,1239,3016,3066,2824,2092,0,2572,222,2468,2189,1858,1786,1954,2034,1907,2040,2003,2451,1308,1062,1572
1243,3508,3730,3908,3771,3608,3425,3089,4075,2181,2308,2610,2825,2649,2707,4038,4460,3358,3876,2548,4294,1798,2512,3280,3104,3752,2438,3539,2494,3652,4122,3847,3554,2194,3047,3451,2572,2179,2665,2819,2103,3671,384,2813,2139,3636,3700,3992,3595,4735,2104,2388,4406,3365,3399,2169,4853,2421,232,2610,3490,3107,341,3758,3953,3569,4023,3220,3669,453,3060,3160,3427,3781,3114,3472,1494,3612,3734,3118,3784,338,3722,3089,4396,3612,3280,3042,3804,3720,2782,3695,3107,2067,4305,4355,4114,2944,2580,0,2648,3167,3994,3148,2584,1255,3323,2759,3525,3487,3740,3547,2595,3597
2932,2775,2559,2737,1901,2437,2254,2500,2904,1205,1759,741,2228,2053,2110,2868,3289,1874,2956,1166,3123,1650,1963,2109,1842,2581,1734,2315,484,2481,3202,2676,2383,976,2314,2280,1315,979,1932,2222,924,1653,2766,753,676,2465,2084,2715,2424,3564,1379,1655,3235,2194,2228,1116,3345,359,2613,216,2319,2374,2762,2587,2713,1994,2852,2049,2498,2814,1889,1989,2694,2871,1943,2301,1603,2028,2422,1947,2525,2759,1708,1918,3225,2441,1261,1871,1785,2549,2186,2524,2374,1358,3135,3184,2943,2211,227,2691,0,2587,2409,1977,1905,2073,2153,2026,2354,2316,2569,1528,1180,1793
3580,1105,1860,1693,2699,1334,1151,877,1779,1993,1950,2835,2022,1846,1904,1869,2467,1857,1001,1851,1998,2581,1727,1364,1761,1478,1369,1708,2578,1378,1247,1551,1258,2410,899,1258,1874,2413,914,2016,2500,2895,3403,2897,2528,1362,1666,1759,1321,2741,1863,1179,2024,1094,1103,1980,2743,2410,3250,2599,1602,924,3399,984,1679,2023,1727,1444,1799,3451,1529,1777,326,906,1212,1300,2239,2274,1729,1226,1914,3396,2999,1470,2433,905,2642,1511,2798,1424,1979,1399,1093,1455,1923,1724,1818,1287,2569,3327,2637,0,2143,1246,1491,2709,1069,1008,1655,1569,1444,2796,1593,2473
4010,2430,1423,1793,1056,1636,1685,2996,2350,2423,2343,2761,2724,2549,2606,1626,2098,1424,2198,1991,2569,3011,2429,1983,2007,1789,2230,1531,2505,1729,2444,2122,1791,2640,2491,1627,1689,2643,2428,2718,2735,1372,3833,2701,2586,1544,1210,1729,1528,2322,2294,2151,2681,1628,1636,2411,1610,2337,3680,2196,1425,2869,3829,2080,1821,707,2298,1769,1373,3881,1994,2094,2957,2114,1745,1834,2670,473,831,1759,1276,3826,1720,1939,1983,1684,1290,1976,1207,1957,2681,1981,2597,1854,2580,2630,2389,2684,2167,3758,2373,2534,0,1779,2401,3140,1603,2522,1302,1423,2006,1214,1676,882
3302,1183,1282,1056,1996,756,573,1861,1223,1715,1634,2191,2016,1841,1898,1290,1886,1115,1275,1283,1442,2303,1721,201,887,900,1522,781,1934,800,1521,995,702,2069,1112,644,981,2072,1598,2010,2165,2037,3125,2253,2016,784,1088,1180,743,2161,1586,1442,1554,513,547,1702,2405,1766,2972,1954,1076,1626,3121,679,1101,1556,1171,310,1221,3173,570,960,1741,952,252,620,1962,1837,1393,266,1336,3118,2142,560,1822,685,1785,552,2147,868,1973,843,1252,1145,1453,1503,1262,1340,1925,3049,1992,1610,1807,0,1693,2431,471,1691,1077,991,888,1938,968,1822
2637,1564,2234,2412,2275,2112,1929,1150,2580,1050,725,2064,685,510,568,2543,2964,1863,2193,1052,2798,1638,390,1784,1346,2256,256,2044,1780,2156,2439,2351,2058,1467,1103,1955,1076,1470,722,679,1557,2316,2459,2099,1585,2140,2205,2496,2099,3239,920,364,2910,1869,1903,1037,3358,1612,2307,1800,1994,1163,2456,2019,2457,2073,2528,1724,2173,2508,1564,1678,1484,2039,1618,1977,1296,2116,2238,1622,2288,2453,2421,1676,2900,2097,2064,1546,2426,2224,643,2199,1163,688,2810,2898,2618,1001,1771,2384,1838,1377,2498,1652,0,1766,1828,815,2029,1992,2245,2217,795,2101
1628,2858,3080,3258,3121,2958,2775,2583,3426,1532,1658,1960,2175,2000,2057,3389,3810,2709,3477,1898,3644,888,1862,2630,2454,3102,1789,2890,1844,3002,3723,3197,2904,1544,2397,2801,1922,1529,2016,2169,1453,3022,1451,2163,1489,2986,3051,3342,2945,4085,1454,1738,3756,2715,2749,1519,4204,1772,1298,1960,2840,2457,1447,3108,3303,2919,3374,2570,3019,1499,2410,2510,2777,3332,2464,2823,844,2962,3084,2468,3134,1444,3073,2439,3746,2962,2630,2392,3154,3070,2132,3045,2457,1417,3656,3705,3464,2294,1931,1375,1998,2670,3344,2498,1935,0,2674,2109,2875,2838,3091,2897,1946,2947
3431,1368,1023,797,1992,497,314,1991,1069,1844,1763,2319,2145,1969,2027,1032,1627,1267,1136,1412,1287,2432,1850,547,1102,641,1651,1034,2063,541,1382,840,472,2198,1326,421,1110,2201,1813,2139,2293,2166,3254,2382,2144,525,829,921,484,1902,1714,1571,1400,289,392,1831,2146,1895,3101,2083,844,1841,3250,1018,842,1367,1017,614,962,3302,699,1088,1956,1052,381,361,2090,1625,1254,395,1077,3247,2271,775,1563,621,1914,681,2142,713,2102,688,1467,1274,1299,1349,1107,1554,2054,3178,2121,1472,1668,415,1821,2560,0,1906,818,732,734,2067,1097,1817
3057,928,2241,2249,2550,1890,1707,904,2335,1470,1426,2312,1499,1323,1381,2424,2971,1857,1557,1327,2547,2057,1204,1370,1209,2033,846,1808,2055,1934,1803,2106,1813,1887,447,1750,1351,1890,391,1492,1976,2591,2879,2374,2004,1918,2222,2314,1877,3245,1340,655,2562,1650,1658,1457,3364,1887,2726,2075,2000,669,2876,1432,2235,2298,2367,1241,2180,2928,1420,1325,848,1446,1445,1835,1716,2391,2245,1481,2295,2873,2696,1103,2906,1461,2339,1402,2701,1979,1456,1954,540,932,2462,2262,2373,734,2046,2804,2113,741,2659,1511,968,2186,1625,0,2036,1998,2000,2492,1070,2376
3620,1786,265,730,1700,626,786,2464,1287,2033,1952,2509,2334,2158,2216,563,984,905,1571,1601,1506,2621,2039,1207,1490,726,1840,756,2252,718,1817,1059,925,2387,1715,617,1299,2390,2038,2328,2482,1942,3443,2574,2334,533,519,666,517,1259,1903,1760,1618,850,910,2020,1440,2084,3290,2069,515,2229,3439,1453,758,1076,1235,994,146,3491,1299,1486,2344,1486,1050,927,2280,1346,719,1112,308,3436,2047,1163,920,1056,1690,1280,1851,1021,2291,918,1856,1463,1517,1567,1326,1943,2040,3367,2246,1906,1196,1110,2010,2749,672,2131,0,461,943,1843,1286,1526
3498,1664,538,1013,1613,565,726,2342,1516,1910,1830,2386,2211,2036,2093,846,1268,782,1443,1478,1734,2498,1916,1099,1368,709,1717,633,2129,658,1689,1287,865,2264,1593,556,1176,2267,1915,2205,2360,1820,3320,2451,2211,473,445,770,472,1543,1781,1638,1846,789,850,1898,1661,1961,3167,1947,350,2107,3317,1325,768,988,1464,871,477,3369,1176,1363,2222,1358,970,866,2157,1246,797,1005,592,3313,1924,1041,1204,928,1568,1158,1763,1160,2169,1135,1733,1341,1746,1795,1554,1820,1917,3245,2124,1778,1211,1002,1888,2627,611,2009,333,0,1181,1721,1163,1438
3742,1479,1101,692,2436,848,664,2102,774,2155,2074,2631,2456,2281,2338,926,1481,1494,1248,1723,992,2743,2161,859,1413,765,1962,1368,2374,892,1494,545,750,2509,1638,771,1421,2512,2124,2450,2604,2477,3565,2693,2456,875,1179,990,835,1756,2026,1882,1104,608,612,2142,2305,2206,3412,2394,1194,2152,3561,1130,864,1717,721,925,1092,3613,1010,1399,2007,1163,692,814,2402,1975,1365,706,1155,3558,2582,1086,1417,733,2225,992,2587,272,2413,393,1778,1585,1004,1053,812,1865,2365,3489,2432,1583,1780,726,2133,2871,583,2217,1058,1083,0,2378,1408,2262
3737,2667,1970,2417,678,2025,2186,2808,2822,1999,2155,1892,2536,2361,2418,2250,2672,1501,2636,1803,3040,2513,2241,2027,1819,2169,2042,1795,1635,2118,2882,2593,2325,1770,2546,2016,1501,1773,2240,2530,1865,500,3560,1831,1716,1933,1599,2230,1917,2946,2173,1963,3153,2112,2146,1910,2121,1467,3407,1327,1746,2681,3556,2448,2228,901,2770,1874,1925,3608,1806,1906,3002,2551,1860,2219,2397,944,1498,1865,1901,3553,785,1835,2607,2121,420,1788,562,2467,2493,2441,2409,1666,3052,3102,2861,2496,1297,3484,1504,2895,1228,1894,2213,2866,2072,2334,1781,1743,2487,0,1488,569
2351,1608,1705,1883,1746,1583,1400,1333,2050,764,684,1508,1065,890,947,2013,2435,1333,2102,523,2269,1352,770,1255,670,1727,571,1514,1251,1627,2348,1822,1529,1182,1147,1426,547,1185,766,1059,1271,1787,2174,1570,1299,1611,1675,1967,1570,2710,635,488,2381,1340,1374,752,2828,1083,2021,1271,1465,1207,2170,1770,1928,1544,1998,1195,1644,2222,1035,1002,1527,2002,1089,1447,1011,1587,1709,1093,1759,2167,1891,954,2371,1587,1535,1016,1897,1695,1022,1670,1207,195,2280,2330,2089,1044,1242,2099,1309,1420,1968,1123,742,1481,1298,859,1500,1462,1715,1688,0,1572
3707,2551,1589,2036,337,1644,1804,2692,2593,2171,2039,2064,2421,2245,2303,1869,2290,1378,2483,1688,2812,2685,2126,1911,1704,1787,1927,1680,1807,1736,2730,2365,1943,1942,2431,1635,1386,1945,2125,2415,2037,673,3530,2003,1889,1551,1217,1848,1535,2565,1990,1847,2924,1868,1928,2082,1954,1639,3377,1499,1664,2566,3526,2365,1846,519,2541,1759,1616,3578,1691,1791,2887,2399,1745,1945,2366,562,1116,1749,1519,3523,949,1720,2226,1969,592,1673,471,2239,2378,2224,2294,1550,2823,2873,2632,2381,1469,3454,1676,2779,847,1779,2097,2836,1690,2218,1545,1554,2249,443,1373,0
