0,14134,26304,25577,13342,37752,42367,37475,39858,38124,38988,39204,39790,45551,34490,42428,32868,41728,43600,57310,41220,36423,45362,52880,45995,44943,44100,50457,42108,39172,53678,54006,39885,56533,44451,30175,18289,23019,32617,34418,42737,43865,43164,43054,44707,43610,44306,51748,40485,43387,40980,40475,45858,41355,43738,43738,38559,47731,35629,24383,55331,40400,38968,26512,39739,35446,39395,40090,40582,40996,37670,40357,37971,39750,38370,41117,35923,39346,37133,37795,40963
12502,0,21465,20738,1156,32913,37972,32636,35019,33284,34149,34365,34951,64676,29651,37589,28029,36889,38761,58085,61299,31584,62707,48041,41156,40104,39261,67866,57558,58168,54453,54781,56895,57307,59177,25336,13450,18180,27777,32091,37898,39025,38325,38215,39867,38771,39467,70873,35646,38548,36141,35635,41019,36515,44513,44513,46061,48506,24116,19543,56106,48337,48523,24955,34900,30607,34556,35251,48518,53212,32831,53679,56520,54664,33531,36278,31084,34507,32294,32956,48899
25604,22230,0,2659,21438,11443,21149,11166,13549,16625,17770,12895,13481,19242,8181,16119,6559,15419,17291,16224,14911,13903,19053,26571,21676,18634,17750,24148,15799,12863,27001,13747,13576,17011,18142,14542,13172,7719,14141,19012,16428,22028,21021,20911,18398,17301,17997,25439,14176,17078,14672,14166,19549,15046,8087,8087,7359,21054,2651,10477,28654,9200,12664,7079,13430,9137,13086,13781,9382,14687,11361,14048,11662,13441,12061,9917,9614,8146,10824,11491,9763
25439,22065,1162,0,21273,12611,22317,12334,14717,17792,18938,14063,14649,20409,9348,17287,7726,16586,18459,17391,16078,15070,20220,27738,22843,19801,18917,25315,16966,14031,28163,14914,14744,18179,19310,12918,13007,7555,12517,20180,17596,23195,22188,22079,19565,18468,19165,26607,15343,18246,15839,15333,20716,16213,9249,9249,8521,17567,3814,10313,29816,10363,13826,6914,14598,10304,14254,14948,10544,15854,12529,15215,12830,14608,13228,11079,10782,9308,11992,12653,10925
11346,1061,20308,19581,0,31757,36372,31480,33842,32128,32993,33209,33795,65600,28494,36433,26872,35732,37605,59009,35224,30427,39366,46884,39999,38947,38063,44461,58482,59092,55377,55705,57819,58231,60101,24180,12294,17023,26621,28422,36741,37869,37168,37058,38711,37614,38311,71797,34489,37392,34985,34479,39862,35359,45437,45437,32563,49430,22960,18387,57030,34405,49447,23799,33744,29450,33400,34094,34586,54136,31675,54603,57444,33754,32374,35121,29928,33350,31138,31799,34967
37246,33872,13790,14743,33080,0,12629,916,3382,5249,9250,4672,2348,9484,8012,7036,8908,6877,8208,13500,8252,8384,12837,21053,10954,13115,10377,18629,16259,11098,24555,16284,12518,11069,20679,10313,24814,14941,7754,7609,8205,14307,12798,12688,10175,9078,9774,16227,5093,9054,6448,5943,11326,6823,20217,20217,19489,20872,14782,22119,25750,16909,24795,18721,8353,11464,9769,8704,16580,16811,11218,14753,13990,14894,10324,13447,11942,15223,13152,14488,17184
41204,37830,23254,22527,37038,10568,0,11013,8634,5802,5086,9652,9281,8711,17823,10539,18719,13172,10309,17003,14547,18195,14938,24887,19774,14897,21543,23637,19762,17295,31930,22369,16022,14572,26765,14337,28772,20013,12826,11634,5694,3946,2939,2830,4852,4168,3724,13040,11304,7151,9322,8810,11229,9890,28566,28566,27838,26958,23130,31930,31835,22599,26096,25105,14648,19813,17786,16495,22875,22897,22037,23419,22338,24117,16619,23258,21752,23571,21500,22837,25307
36758,33384,13302,14255,32592,625,12141,0,3339,7913,8762,3271,2335,8996,7524,6548,8420,6389,7720,13012,7764,7896,12349,20565,10466,12628,9889,18141,15771,10610,24067,15796,12030,10581,20191,9826,24326,14454,7267,7122,7717,13820,12310,12200,9687,8590,9286,15739,4605,8566,5960,5455,10838,6335,19729,19729,19001,20384,14294,21631,25262,16421,24307,18233,7865,10976,9281,8216,16092,16323,10730,14265,13502,14406,9836,12960,11454,14735,12664,14000,16696
38859,35485,15404,16356,34693,3603,7730,3302,0,2907,6319,681,727,7179,9626,7302,10522,8491,7072,13766,9865,9998,11503,19021,9900,11463,9043,17638,16587,12711,22931,17897,14132,12682,18306,11470,26427,17154,9967,8767,5230,9197,8496,8387,5359,4262,4490,13251,5466,5224,3678,3172,8350,4052,21831,21831,21103,22486,16395,23733,27363,18522,26408,20334,9967,13078,11382,10317,18194,18425,12831,16367,15603,16507,11938,15061,13555,16836,14765,16102,18797
35949,34070,17988,18940,33278,6800,5890,7245,3028,0,4234,4046,3675,8088,12210,8989,13105,9021,8758,15452,10395,13603,13189,24833,11035,13149,10729,23583,18274,13242,24617,16841,14471,13021,19993,10569,25012,15955,9066,7866,6138,6632,5931,5821,4472,3376,4062,12986,7152,6133,5171,4659,9259,5738,24414,24414,23687,23624,18979,26317,30968,19052,24377,22918,10497,15661,11912,10848,18724,22030,13361,16897,18187,19965,12468,17645,16139,24474,17349,18685,19327
37583,35704,21128,20401,34912,8441,5464,8887,6992,4949,0,8014,7643,12439,15697,14720,16593,14562,15893,21184,15936,16069,20521,27266,18639,18708,18061,26016,23943,18782,32239,22573,19495,18753,28364,12211,26646,17887,10700,9508,8597,8616,7445,7335,7109,6426,5959,15419,12777,10483,9139,8626,10828,9706,27902,27902,27174,28557,22466,29804,33434,24368,32479,22979,16038,19149,17453,16388,24265,24495,18902,22438,21674,23452,18009,21132,19626,22907,20836,22173,29578
38170,34795,14714,15666,34004,3562,9054,3260,694,4097,7509,0,892,6807,8936,6682,9832,6714,6451,13145,8089,9308,10883,18401,9280,10843,8423,17018,15967,10935,22310,14534,12164,10714,17686,13574,25738,19258,12071,9984,4814,10414,9407,9297,6783,5687,6383,12836,4846,5464,3057,2551,7935,3431,21141,21141,20413,21317,15706,23043,26673,16745,25718,19645,8190,12388,9606,8541,16417,17735,11055,14590,14913,14731,10161,14371,12866,16146,14076,15412,22817
38439,35065,14984,15936,34273,2577,8548,2410,727,3726,7137,892,0,8015,9206,8229,10101,8070,7659,14693,9445,9577,12091,19609,10488,12050,9631,18225,17452,12291,25748,17477,13711,12262,21872,12289,26007,17973,10786,9585,6022,10016,9315,9205,6177,5081,5308,14043,6286,6672,4265,3759,9142,4639,21410,21410,20682,22065,15975,23313,26943,18102,25988,19914,9546,12657,10962,9897,17773,18004,12411,15946,15183,16087,11518,14641,13135,16416,14345,15681,18377
44852,41478,21396,22349,40686,9781,9278,9504,8519,8934,11383,9637,10224,0,13252,2695,16514,4345,1459,9648,8042,11042,6018,13536,3268,5978,3558,9591,11103,10725,22251,13980,7926,6476,12821,20053,32420,26967,15993,17350,3749,11953,9631,9522,7008,5911,6608,7490,5270,2042,4292,4257,3419,3439,20640,20640,27095,18568,22388,29725,23445,17137,20633,26327,8209,11655,9396,8105,16808,14507,10645,15030,15719,15959,9952,17169,19283,18649,14044,16091,17412
35099,31725,11644,12596,30933,7975,17681,7698,10081,13156,14302,9427,10013,10456,0,7350,6811,6628,8522,10656,6125,3388,10267,17785,12890,9848,8964,15362,12396,7389,22577,10344,8409,8225,14739,18247,22667,17215,14187,15544,12960,18559,17553,17443,14929,13833,14529,16653,6239,9036,7737,7685,13875,7703,18071,18071,17343,17605,12635,19973,22482,10953,14450,16574,4645,5734,6060,4995,10625,13544,7958,10645,8259,10038,6616,8112,6212,9817,7422,8758,11228
42118,38744,18663,19615,37952,8246,11392,7970,8625,9854,14574,9211,10101,2283,10518,0,13780,2941,1007,6941,2805,8308,5636,13154,4033,4465,3176,11771,9700,7233,17063,8330,5960,4510,12343,18519,29686,21646,14459,15816,5862,12751,11745,11635,9360,8263,8721,9773,4801,4261,4928,4362,5702,4074,21044,21044,24362,14194,19654,26992,19072,17541,20156,23593,5475,13968,6662,5371,17213,10133,8403,10656,9608,11585,7627,17870,14877,19053,14449,16496,17816
36358,32984,12903,13855,32192,4884,14590,4608,6990,10066,11211,6336,6923,12683,6256,9560,0,8860,10732,12883,8352,7344,12494,20012,15117,12075,11191,17589,18020,9616,23514,15243,10636,10452,19639,15157,23926,18284,11097,12454,9869,15469,14462,14352,11839,10742,11438,18880,7617,10520,8113,7607,12990,8487,19329,19329,18602,19832,13894,21232,24709,15427,23907,17833,6871,10390,8287,7222,15098,15771,9736,16293,11004,13412,8843,12560,13239,14335,12334,13600,15702
40057,36683,16601,17554,35891,7032,16739,6756,8651,10204,13360,7997,8888,4343,7714,2429,11719,0,3068,7740,1497,6643,6942,14461,5168,5239,4482,11437,10500,5655,17729,9129,6759,5309,13143,17305,27625,20432,13245,14602,7533,15737,13416,13306,10375,9279,10392,15086,3266,6063,4763,4712,7762,4730,14969,14969,15584,16037,17593,24930,20915,11466,14963,21532,2911,5984,4326,3261,11138,11976,5575,9310,6780,9451,4882,11498,9483,12978,8373,10421,11741
42001,38627,18602,19554,37835,9033,10385,8756,8125,9354,15360,9243,9128,1276,14528,2840,13720,4536,0,9304,5168,12318,6209,13727,4543,6169,3749,10866,11293,9596,17636,15255,8322,6873,13012,19306,33696,22432,15245,16602,4855,13059,10737,10628,8114,7017,7714,8766,4876,3099,3897,3862,4695,3044,21915,21915,22531,19844,23664,31001,24721,18412,21909,23532,9485,12930,10672,9381,18084,15782,11921,16305,16994,17234,11227,15331,16981,19925,15320,17367,18688
42494,39120,19039,19991,38328,14470,27518,14194,14621,15850,20014,15923,16509,8973,12362,7625,14206,7913,7698,0,6779,7594,4878,11421,7735,4792,5797,10038,3902,3938,10245,5019,2665,2661,5659,23959,30062,24609,19899,22040,12131,26710,26808,27142,15390,14293,14990,13878,10797,10257,10924,10358,12393,10070,16047,16047,18348,10883,20030,34966,15761,12544,16845,23969,5920,7530,5462,5817,13902,6822,5108,7345,6313,8274,4332,14559,11566,15743,9452,13185,12820
40466,37091,17010,17962,36300,8555,13206,8279,10174,11726,14882,9520,10410,5711,8866,3170,12128,1273,4436,6775,0,6656,5543,13061,4202,5124,3517,10638,9534,4911,16970,8164,5793,4344,12177,18828,28034,21955,14768,16125,7676,15880,13558,13449,11898,10802,10535,14650,4789,5802,6286,6235,11872,5615,14965,14965,15580,14028,18002,25339,20478,11462,14959,21941,2907,5980,4322,3257,11134,11540,8237,10489,9442,11419,5305,11494,9479,12974,8369,10417,11737
34285,30911,10830,11782,30119,9334,18559,9057,11440,14515,15661,10786,11372,10551,2944,7643,5997,6592,8815,7442,6823,0,10362,17880,12985,9943,9059,15457,8119,4450,14338,6067,5163,6664,10463,19607,21853,16400,15546,16903,10799,19918,18912,18802,16288,15192,15888,16748,6532,9329,8030,7979,13970,7996,11600,11600,12216,11725,11821,19158,16602,8097,11594,15760,4573,1408,3613,3659,7769,6581,2949,5942,3672,6083,3648,7723,4731,9610,5005,7052,8373
43392,40018,19937,20889,39226,13873,26920,13596,15979,19054,20200,15325,15911,6117,11793,7030,15055,6757,4841,5373,6149,9583,0,8213,4643,3871,2915,6830,6827,8310,13171,9576,7036,5756,8546,24146,30960,25508,20085,21442,11536,26112,26210,26545,20827,19731,20427,10786,10519,9662,10329,9764,9536,9475,19180,19180,25636,15440,20928,28266,23405,15677,21402,24867,6750,10195,7937,6646,15349,11379,9186,11902,10390,12831,8492,16146,16591,17190,12585,14632,15952
51123,47749,27667,28620,46957,21603,23485,21327,23709,24096,27930,23055,23642,12282,19523,13808,22785,14488,12572,11771,13500,17313,9177,0,9638,11601,10671,2693,13226,14708,19569,15802,13435,11974,13357,31876,38691,33238,27816,29173,19621,22677,22775,23109,22017,21668,22062,13580,18250,15826,16493,15928,13465,15639,29156,29156,29772,26258,28659,35996,26544,25653,27628,32598,14480,22080,15667,14376,25325,17592,15879,18115,17083,19044,15102,25982,22990,24827,22561,24608,25929
44148,40774,22123,21645,39982,10993,18838,15782,10520,13156,17320,17511,18097,2984,13979,4931,17241,5194,4274,8095,4206,11769,3099,9560,0,4626,2005,6559,9550,8661,15893,14706,7388,5938,11269,21266,31716,26263,17205,18562,6563,18030,18128,18463,9822,8726,9422,7452,8085,4857,7107,7071,6403,6253,21366,21366,26392,19295,21684,29022,24172,17864,21584,25623,8936,12381,10123,8832,17535,15234,11372,15756,16445,16686,10679,17896,16432,17945,14771,16818,18139
40078,36703,16622,17574,35911,10558,23605,10281,12664,15739,16885,12010,12596,8064,8478,3710,11740,3963,4994,4867,2829,6268,4388,11906,5021,0,3085,9483,7626,5159,14988,6256,3886,2436,10269,20831,27646,22193,16770,18127,8216,22797,22895,23230,17513,16416,17112,14261,7204,6342,7009,6443,11484,6155,15865,15865,22321,12120,17614,24951,16998,12362,18082,21553,3435,6880,4622,3331,12034,8059,6329,8582,7534,9511,5553,15796,12803,13875,9270,11317,12638
42223,38849,18768,19720,38057,12704,20370,12427,14810,12048,19031,14156,14742,4477,10623,4438,13885,5117,3202,6383,4129,8413,2754,10272,3078,2701,0,8889,7838,7310,14181,8407,6036,4587,9557,22976,29791,24338,18916,20273,8056,24943,25041,19994,11316,10219,10915,9221,6996,6456,7122,6557,7896,6269,31289,31289,24467,17359,19759,27097,22236,14508,20232,23698,5580,9026,6767,5476,14180,13297,8016,10733,9221,14749,7323,14540,14954,16020,11415,13463,14783
49146,45772,25691,26643,44980,19627,22596,19350,21733,23208,25954,21836,21665,9880,17547,12589,21566,13268,11353,10551,11097,15337,7957,2703,7235,9625,9451,0,12006,13488,18349,14583,12215,10754,12138,29900,36714,31261,25839,27953,13459,21788,21886,22221,21129,20779,21173,12691,16273,11753,14003,14708,10464,13149,27937,27937,31390,20447,26682,34020,26072,24434,26408,30621,13260,20861,13691,12400,24106,16373,14659,16908,15864,17838,13883,24763,21770,25946,21341,23389,24709
40644,37269,17188,18140,36477,17240,31500,16963,16621,17850,23567,18692,19278,10975,10512,9625,12355,9913,9700,2840,8779,9724,6880,13423,9737,8728,7798,12040,0,5777,9061,2914,4503,4500,4436,25680,28212,22759,21899,24040,14131,30692,30790,31125,17390,16293,16990,22157,12797,12257,12924,12358,19379,12070,26738,26738,16498,9720,18180,33803,14598,12380,15682,22119,9347,8806,7300,7656,12051,5659,6947,6182,6151,7111,6171,12708,9716,13892,9287,11867,12655
37946,34571,14490,15442,33779,10842,24300,10565,12948,16024,17169,12294,12880,8759,7814,7476,9657,7765,8768,3708,4275,4403,8330,14873,8535,7336,6452,13490,6313,0,13697,5087,1430,2931,9111,21115,25514,20061,17054,18411,12338,23492,23590,20310,17797,16700,17396,14956,7488,10109,9396,8935,12178,9922,12856,12856,13472,10951,15482,22819,15828,9354,12850,19421,2729,4340,2271,2626,9025,6147,1918,5508,3122,4901,1141,9386,7018,10866,6261,8308,9629
50449,47075,22908,23860,46283,22959,36698,22683,25044,28141,29286,24411,24997,21157,16231,17218,18075,17806,15891,10443,16372,14911,13071,19614,15928,14920,13990,18231,8625,13522,0,9431,12248,12103,5925,31400,33931,28478,29171,30529,24737,35890,35988,36323,29914,28817,29513,27355,20390,19850,20517,19951,24577,19663,23331,23331,24879,7694,28537,30396,6733,14144,13656,33434,17947,14526,14557,14913,13815,11852,12832,12319,11871,12672,13532,16445,15435,15164,15007,15068,14419
38511,35137,15055,16007,34345,15107,28680,14830,17213,20288,21434,16559,17145,13139,8379,8926,10223,9215,14429,5147,8080,7058,10099,16642,15573,9471,8587,15259,3650,5230,9144,0,3956,4369,5268,25380,26079,20626,21319,22676,16718,27872,27970,28305,22061,20965,21661,19336,13698,15012,12225,11659,16558,11371,23918,23918,14365,6900,16047,30982,11777,10247,12861,19986,9929,6674,6754,9825,9919,2839,4980,3361,4019,4291,5624,10575,7583,11759,7154,9202,10522
38472,35098,15016,15968,34306,10979,24027,10703,13085,16161,17306,12431,13018,8486,8340,6955,10184,7244,7839,3187,3754,4929,7809,14352,7867,6815,5931,12968,5792,1273,13176,4566,0,2410,8590,21252,26040,20587,17192,18549,11461,23219,23317,23651,17934,16837,17533,14683,7626,9587,10254,9689,11905,9400,13383,13383,13998,10430,16008,23345,15307,9880,13376,19947,3255,4866,2797,3152,9552,6673,2444,6034,3648,5427,1668,9912,7544,11392,6787,8835,10155
41568,38194,18112,19065,37402,11035,24866,10758,11968,13197,17362,13270,13857,9325,11436,4972,13280,5261,6264,2467,4127,6652,5316,11859,6031,4865,4634,10476,5463,2996,12824,4093,1722,0,8395,21307,29136,23683,17247,18604,9479,24058,24156,15252,12738,11641,12338,15522,8145,7605,8271,7706,12744,7418,26975,26975,17422,9957,19104,34039,14834,13304,15918,23043,4695,9731,4519,4875,12976,5896,4166,6418,5371,7348,3390,13633,10640,14816,10211,12259,13579
44080,40706,20625,21577,39914,20676,34415,20400,22782,25858,27003,22128,22714,12848,13948,13110,15792,13488,11572,6151,12500,12628,8844,15295,11609,10601,9671,13912,4394,9088,5985,7148,7814,7811,0,29117,31648,26195,26888,28245,16427,33607,33705,34040,27631,26534,27230,25072,15366,14826,15493,14927,16267,14639,19319,19319,19934,9413,21616,36718,11809,15816,15374,25555,13480,12243,10611,10967,15488,8574,10549,9097,9588,10088,9482,16145,13152,17328,12724,14771,16091
28790,28288,13712,12986,27496,10279,14340,9423,10984,9218,10216,14194,11635,19006,17224,16558,15603,16399,17730,23021,17774,17906,22359,33039,20476,22637,19899,28151,24843,21907,31062,22791,22620,20591,27186,0,19231,10472,3049,4603,14098,14838,14258,14028,13540,12735,12269,21192,14615,14093,13131,12619,17219,13698,22039,22039,21311,30358,16604,20581,33325,23153,26616,15564,17875,18180,19291,18226,23335,23730,20405,23092,20706,22484,21105,18526,19205,22099,20415,21205,23715
19499,16125,8351,7624,15333,19799,24858,19523,21885,20171,21036,21252,21838,27598,16537,24475,14915,23775,25647,24580,23267,22259,27409,35116,28042,26990,26106,32504,24155,21219,30373,22103,21932,25367,26499,12222,0,5066,14664,16465,24784,25912,25211,25101,26754,25657,26354,33795,22532,25435,23028,22522,27905,23402,16438,16438,15710,29405,11002,18586,37005,17551,21015,10723,21787,17493,23202,22137,17733,23043,19718,22404,20018,21797,20417,18268,17971,16497,19181,19842,18114
20223,18344,6702,5975,17552,14861,19904,14584,17426,15660,16525,18052,18077,25949,14888,20416,14514,20257,21588,22931,21618,20610,25760,33278,26393,25341,24457,30855,22506,19570,28724,20454,20283,23718,24850,10554,9287,0,10153,14467,20541,21401,20700,20590,19982,19298,18831,27755,18473,20535,19573,20873,23661,20203,14789,14789,14061,27756,9353,13767,35356,15902,19366,9074,20138,15844,19793,20488,16084,22642,18069,22004,18369,21396,18768,16619,18117,14848,19327,18193,16465
29864,28170,13595,12868,27378,7635,12678,7358,10200,8434,10235,10826,9292,15638,14167,13190,15485,13031,14362,19654,14406,14538,18991,32588,17108,19270,16531,24784,22413,17252,30709,22438,18672,17223,26833,3761,19113,10354,0,4622,13315,14175,13474,13365,12756,12072,11606,20529,11247,13309,12347,12097,16435,12977,21921,21921,21193,27026,16486,20463,31904,23035,26498,15446,14507,18063,15923,14858,23217,22965,17372,20907,20144,21922,16479,18408,19087,21981,19750,21087,23598
31565,32442,17866,16532,29083,8355,12416,7192,9060,7190,8291,12270,9711,14123,15610,14634,16506,14475,15806,21097,15849,15982,20434,31115,18552,20713,17974,26227,23857,18696,32152,23881,19409,18666,28277,5448,23384,14625,4643,0,12174,12914,12213,12224,11615,10932,10344,19268,12690,12168,14046,10694,15295,14420,27815,27815,27087,28470,22380,25120,33347,24506,32392,19110,15951,19062,17366,16302,24178,24409,21286,22351,21587,23366,17922,21045,19539,22820,20749,22086,29491
41006,37632,17551,18503,36840,8893,5989,8616,5265,6494,8094,8248,6269,3340,11773,5169,12669,7385,4938,11632,7496,13166,9567,16936,6287,9527,7107,12610,14651,11924,25270,16999,10651,9201,16370,15057,28574,20742,13554,12354,0,7349,6342,6232,3719,2622,3318,7047,6715,1864,3443,4222,3143,4182,23977,23977,23250,21587,18542,25880,26464,17228,20725,22481,8673,15224,12415,11124,16900,17526,11537,18049,17750,18978,12971,17208,15702,18983,16912,18248,17503
41952,38578,22321,24287,37786,11307,2485,11753,8548,5716,7187,9566,9195,16410,16543,10722,18625,13354,10491,26113,21582,24582,20116,22367,17254,20328,19023,21117,30296,24265,35790,27519,23866,23682,31914,15077,29520,20761,13574,12445,5876,0,1775,2110,5617,4933,3681,10520,11486,7333,10691,10178,8709,10072,28748,28748,28020,32108,23313,30650,36985,30676,34173,26865,21749,25194,22936,21645,30348,28046,24185,28569,29258,29498,23491,21978,20472,23753,27584,29631,30951
42487,39113,22685,23637,38321,11842,2723,12288,9083,6251,7325,10101,9730,9256,16907,11085,17803,13718,10855,26648,22117,25117,20651,22902,17789,20863,19558,21652,30831,24800,36325,28054,24401,24217,32450,15612,30055,21296,14109,12980,6239,1540,0,335,6152,5468,4216,11055,11849,7697,9868,9356,9244,10435,29111,29111,28384,32643,23676,31014,37520,31211,34708,27400,22284,25729,23471,22180,30883,28581,24720,29104,29793,30033,24026,22342,20836,24117,28119,30166,31486
42377,39003,22575,23527,38211,11733,2364,12178,8973,6141,7758,9991,9620,9147,16797,10976,17693,13608,10745,26538,22007,25007,20542,22793,17680,20753,19449,21542,30721,24690,36215,27944,24291,24107,32340,15502,29946,21187,13999,12870,6130,1852,335,0,6042,5358,4106,10946,11740,7587,9759,9246,9134,10326,29002,29002,28274,32533,23567,30904,37410,31101,34598,27506,22174,25619,23361,22070,30773,28472,24610,28994,29683,29924,23917,22232,20726,24007,28009,30056,31377
41638,38264,18182,19135,37472,9524,4657,9248,4805,5131,6456,5823,5452,4754,12404,6583,13300,9216,6352,13046,10590,13798,10981,20694,7701,10941,8521,19444,15806,13338,26684,18413,12065,10615,22808,13735,29206,19419,12232,11103,1737,6017,5010,4900,0,1732,1986,8847,7347,3195,4778,4853,4354,5933,24609,24609,23881,23001,19174,26511,27879,21075,24572,23113,10692,15856,13829,12538,18919,18940,13556,19463,18382,20160,12663,17839,16334,24669,17544,18880,21351
42485,39111,19029,19982,38319,8981,3781,9426,3966,3445,5472,4985,4613,5601,13113,7430,14147,10063,7199,13893,11437,14645,11828,21541,8548,11788,9368,20291,16653,14185,27531,19260,12912,11462,23655,12750,30053,18435,11247,10118,2584,5141,4134,4024,1097,0,1110,9694,8194,3907,6075,5700,4815,6780,25456,25456,24728,23848,20021,27358,28726,20094,25419,23960,11539,16703,14676,13385,19766,19787,14403,20310,19229,18079,13510,18686,17181,25516,18391,19727,20369
39392,36018,19858,20811,35226,8747,2820,9193,5988,3156,5912,7006,6635,6430,15169,8259,14976,10892,8028,14722,12266,15474,12657,23270,9377,12617,10197,22020,17482,15014,28360,20089,13741,12291,24484,12517,26960,18201,11014,9885,3413,4180,3173,3063,3057,2373,0,11423,9023,4871,7042,6529,6109,7609,26285,26285,25557,24677,20850,28187,29555,20923,30863,24305,12368,17532,15505,14214,20595,20616,15232,21139,20058,21836,14339,19515,18010,26345,19220,20556,21198
51463,48089,28007,28959,47297,21943,11895,21667,14361,12507,15263,23395,15364,4791,19863,7486,23125,9136,6250,19184,14653,17653,9048,13867,7435,10576,9095,12617,23367,17336,28862,20590,16937,16753,24986,21868,39031,33578,20365,19236,8031,11087,11185,11520,10428,10078,10472,0,10061,6833,9083,9048,3944,8230,27250,27250,33706,25179,28999,36336,30056,23748,27244,32938,14820,18265,16007,14716,23419,21118,17256,21641,22329,22570,16563,23780,22316,25260,20655,22702,24023
38088,34714,14633,15585,33922,5064,11186,4787,5913,7142,11391,6642,6917,5915,8855,3417,9751,3259,4589,9881,4633,7705,9218,16736,7335,7405,6758,15618,12640,7479,20002,13273,8899,7450,15283,15337,25656,18463,11276,12633,6946,13871,11539,11429,8915,7819,8515,16910,0,4573,2217,1660,7926,2172,21059,21059,20332,17861,15624,22962,22738,13290,16787,19563,4735,7808,6150,5085,12962,13800,7599,11134,8867,11275,6706,14290,11229,14802,10197,12245,13565
41572,38197,19695,20648,37405,10127,7404,9850,5831,7060,9508,8997,6834,1955,14887,3784,13234,5511,3554,10247,6112,12677,7973,20441,4902,7933,5513,11225,13058,10539,23885,15614,9266,7817,14777,15623,34054,21307,14120,17696,1874,10078,7757,7647,5133,4037,4733,9125,4630,0,3652,3616,3380,2798,22274,22274,23815,20203,19108,26445,25080,18771,22268,24626,9844,13289,11031,9739,18443,16141,12280,16664,17353,17593,11586,17773,14409,17904,13299,15347,19046
38894,35520,15439,16391,34728,6781,10290,6504,3820,5049,8460,6135,4823,4573,9661,4448,10557,4480,4217,10911,5855,8927,8649,16167,7046,8608,6189,14784,13733,8701,20076,12300,9930,8480,15452,13612,26462,19296,12109,10908,3650,11339,10643,10533,6354,5257,7619,12355,2611,3230,0,607,6583,1197,21865,21865,21138,19083,16430,23768,23960,14511,18008,20369,5956,9029,7372,6307,14183,15021,8820,12356,10089,12497,7927,15096,13590,16871,11419,13466,14787
38456,35082,15001,15953,34290,6343,9852,6066,4580,5809,9220,5698,5583,4515,9223,4390,10119,4422,4160,10853,5797,8869,8591,16109,6988,8551,6131,14726,13675,8643,20018,12243,9872,8423,15394,14372,26024,19742,12869,11668,5612,11212,10205,10095,7582,6485,7181,12297,1887,3172,557,0,6525,1140,21427,21427,20700,19025,15992,23330,23902,14454,17950,19931,5898,8971,7314,6249,14125,14964,8763,12298,10031,12439,7869,14658,13152,16433,11361,13408,14729
47982,44608,24526,25478,43816,13004,8941,12727,8591,8100,10183,11573,9595,3451,16382,6146,19644,7795,4910,13098,11172,14172,9826,13882,6397,9429,7009,10860,14553,13855,25381,17109,13457,13273,16272,18383,35550,23146,15958,14829,3348,8133,8231,8565,5997,5458,5902,2833,7507,3634,6529,6493,0,5675,23769,23769,26575,21698,25518,32855,26575,20267,23763,29457,11339,14784,12526,11235,19938,17637,13775,18160,18848,19089,13082,20299,18835,21779,17174,19221,20542
39369,35995,15913,16866,35203,8434,10765,8158,5492,6721,10133,6610,6496,4324,9629,2943,11031,4112,2778,9406,5486,8559,7407,14925,5804,6930,4947,13542,12166,8332,18834,10795,8425,6975,14210,15284,26937,20969,14647,16004,4451,12124,11118,11008,8494,7398,8094,12072,2243,2981,1265,1230,6300,0,17646,17646,21612,18714,16905,24242,23592,14143,17640,20844,5588,8661,7003,5938,13815,14653,8452,11988,9720,12128,7559,15570,12160,15655,11051,13098,14418
32530,29156,8204,10027,28364,19076,28301,18800,21182,24258,25403,20528,21114,29804,11469,26992,14192,16352,31093,23213,26426,12169,27835,34377,32237,27537,26653,35663,22686,12977,14602,19909,22023,22435,24304,22175,20098,14645,21774,26645,24061,29661,28654,28544,26031,24934,25630,36001,16292,19089,17789,21799,33223,17756,0,0,1547,8985,5809,11610,21234,3823,5244,10103,14333,10838,12706,12814,4005,18339,11475,11661,12198,11802,12174,6072,8924,5461,8813,6228,4386
32530,29156,8204,10027,28364,19076,28301,18800,21182,24258,25403,20528,21114,29804,11469,26992,14192,16352,31093,23213,26426,12169,27835,34377,32237,27537,26653,35663,22686,12977,14602,19909,22023,22435,24304,22175,20098,14645,21774,26645,24061,29661,28654,28544,26031,24934,25630,36001,16292,19089,17789,21799,33223,17756,0,0,1547,8985,5809,11610,21234,3823,5244,10103,14333,10838,12706,12814,4005,18339,11475,11661,12198,11802,12174,6072,8924,5461,8813,6228,4386
32620,29246,8294,10117,28454,19166,28391,18890,21272,24348,25493,20618,21205,29865,11530,27053,14282,16413,31154,23274,26488,12230,27896,34438,32299,27598,26714,35725,22747,13038,14663,19970,22084,22496,24366,22265,20188,14736,21864,26736,24151,29751,28744,28634,26121,25024,25720,36062,16353,19150,17851,17799,33284,17817,728,728,0,9046,5899,12191,21295,3885,5305,10193,14394,10899,12767,12875,4066,18401,11536,11722,12259,11863,12235,6133,8985,5551,8874,6289,4447
46190,42816,16761,18585,42024,21139,32767,20862,23224,26321,27466,22591,23177,17226,13431,14415,15275,14704,18516,10636,13849,11681,15257,21800,19660,17572,16688,20436,10108,10719,6965,7332,9445,9858,11727,31412,28656,25678,27351,28708,20805,31959,32057,32392,24065,22968,23665,23423,17786,19099,17714,17148,20646,16860,8558,8558,9505,0,14367,26137,6734,7141,6108,18661,14016,11726,12243,13912,6812,5762,10032,6230,9071,7214,11113,9442,9711,8161,8602,8066,7416
27009,23635,2682,4506,22843,13555,22780,13278,15661,18736,19882,15007,15593,21354,10293,18231,8671,17531,19403,18336,17023,12226,21165,28683,23788,20746,19862,26260,17911,14975,25416,15859,15688,19123,20254,16654,14577,9124,16253,21124,18540,24140,23133,23023,20510,19413,20109,27551,16288,19190,16783,16278,21661,17158,6502,6502,5774,19469,0,7824,27069,7615,11079,4425,15542,11249,15198,15893,7797,24174,13473,15339,13774,15480,14173,8332,9633,6561,10843,9906,8178
21286,17911,9546,9320,17119,20995,30701,20718,23101,26176,27322,22447,23033,40750,17732,37939,16111,24971,42040,34159,37373,24279,38781,45324,43184,38484,37600,43941,33632,34243,30528,30856,32969,33382,35251,19446,17055,12290,21888,28564,25980,31579,30573,30463,27949,26853,27549,46947,23728,26630,24223,23717,29100,24597,11954,11954,13133,24580,7829,0,32181,16048,16531,5412,22982,18688,24817,23333,15292,29286,20913,29754,32595,30738,21612,15691,17353,14994,19850,18339,15673
46398,43023,27483,29307,42231,26241,37870,25965,28327,31423,32569,27694,28280,22329,18533,19517,20377,19806,23618,15738,18952,17213,18956,26902,24762,22674,21791,25576,14510,15821,6070,12434,14548,14960,11809,33702,39378,33925,31474,33811,25908,37062,37160,37494,29167,28071,32796,28526,22888,24201,22816,22251,25748,21962,19280,19280,20827,6707,25089,26344,0,13156,12668,29383,19118,16828,17345,19014,12828,10864,15135,11332,14173,12316,16215,15457,15922,14177,14812,14081,13431
34972,31598,10646,12469,30806,14849,24074,14573,16955,20031,21177,16302,16888,16963,8121,14055,9965,13004,15227,12621,13235,8821,16774,24292,19397,16355,15471,21869,13252,9629,12418,10541,10342,13067,14936,20284,22540,17088,21062,22419,19834,26254,24427,24318,21804,20707,21404,23161,12944,15742,14442,14391,20383,14408,3622,3622,4238,6801,8251,15233,12187,0,3616,12545,10985,7491,9358,9466,327,8952,8127,8313,8851,8454,8827,3556,5577,2276,5465,2881,1039
38376,35002,14049,15873,34210,17863,36614,17587,19969,23045,24190,19316,19902,21073,11135,18262,12979,18551,22363,14482,17696,11835,19104,25647,23507,21419,20535,24264,13955,14566,10812,11179,13292,13705,15574,28021,25944,20491,24076,25433,24652,35806,35904,36239,24818,23721,24418,27270,15958,22946,17456,17405,24492,17422,5846,5846,6793,4470,11655,17456,10581,4253,0,15949,17863,10504,12372,17759,4641,9609,11053,8588,12918,8827,11753,6730,8590,5449,8479,5894,5044
24138,23099,6077,4710,22307,17525,26750,17249,19611,22707,23852,18978,19564,25324,14263,22201,12641,21501,23373,22306,20993,19985,25135,32653,25768,24716,23832,30230,21881,18945,24382,19829,19658,23093,24225,15745,14041,8589,15869,25095,22510,28110,27103,26994,24480,23383,24080,31521,20258,23161,20754,20248,25631,21128,10447,10447,9719,23414,4360,5406,31014,11561,15024,0,19513,15219,20928,19863,11742,28120,17444,19284,17744,19523,18143,12277,13883,10506,15093,13851,12123
37866,34492,14410,15363,33700,8346,17571,8070,10452,13528,14673,9798,10384,7393,6266,6103,9528,5052,8682,5729,3062,3363,7203,14722,9826,6784,5901,12298,8333,2737,18224,6277,3450,5162,14348,18619,25434,19981,14558,15916,13331,22126,17924,17814,15301,14204,14900,13590,4993,7790,6490,6439,10812,6456,12548,12548,13163,14541,15402,22739,19419,9045,12542,19341,0,3563,1408,727,8717,6886,2657,6247,3861,5640,1963,9077,7062,10557,5952,8000,9320
34417,31043,10962,11914,30251,11013,20238,10737,13119,16195,17340,12465,13051,11579,4285,8670,6129,7619,9842,7588,10522,1396,12539,19082,12426,11912,10087,17699,7163,4227,13382,5111,4940,6810,9506,19454,21985,16532,17225,18583,15998,21598,20591,20481,17968,16871,17567,17776,7560,10357,9057,9006,14998,9023,11339,11339,11954,10768,11953,19291,15645,7836,11333,15892,5601,0,4450,4805,7508,6050,2725,5412,3026,4804,3425,6482,3489,9348,4744,6791,8111
38461,35087,15006,15958,34295,8942,18648,8665,11048,14123,15269,10394,10980,8350,6862,6699,10124,5648,9640,5769,4019,4652,8161,16934,10784,7742,6858,13256,8374,2778,14589,6318,3491,4992,10713,19215,26029,20577,15154,16511,9855,19527,18520,18410,15896,14800,15496,14547,5588,8385,7086,7034,11770,7052,12945,12945,13560,11975,15997,23335,16853,9442,12939,19936,1435,3960,0,726,9114,6927,2698,6288,3902,5681,2004,9475,7459,10954,6350,8397,9717
37754,34380,14298,15250,33588,8234,17940,7958,10340,13416,14561,9686,10272,7643,6154,5991,9416,4940,8932,5621,3312,3944,7453,14972,10077,7035,6151,12549,8225,2629,14440,6169,3342,4843,10565,18507,25322,19869,14446,15803,9147,18819,17812,17702,15189,14092,14788,13840,4881,7678,6378,6327,11062,6344,12796,12796,13412,14791,15290,22627,19669,9293,12790,19229,727,3811,1300,0,8965,6778,2549,6139,3754,5532,1856,9326,7310,10806,6201,8248,9569
34823,33349,10496,12320,30657,14700,24406,14423,16561,19881,21027,16152,16738,16814,7972,13906,9816,12855,15078,13517,12862,8672,16625,24682,19248,16206,15322,21720,13102,9480,12348,10214,10193,12740,14609,20135,22391,16938,20912,22269,19685,25285,24278,24168,21655,20558,21254,23011,12795,15592,14292,14241,20233,14259,3857,3857,4473,6731,8102,15468,12117,327,3851,12396,10836,7341,9209,9317,0,8644,7978,8164,8701,8305,8677,3407,5427,2126,5316,2731,889
38412,35038,14957,15909,34246,15989,27617,15712,18095,21170,22316,17441,18027,12076,8280,9264,10124,9553,13365,5485,8699,6960,10107,16649,14510,12422,11538,15266,4958,5568,10452,2181,4295,4707,6577,26261,25980,20528,22201,23558,15655,26809,26907,27241,18914,17818,18514,18273,12635,13949,12563,11998,15495,11710,11108,11108,11724,5769,15948,29852,10647,7606,11731,19887,8865,6575,7092,8761,7277,0,4882,1088,3920,2017,5962,7638,5623,9118,4513,6560,7881
37421,34046,13965,14917,33255,10296,19521,10019,12402,15477,16623,11748,12334,9103,7289,8261,9133,7002,9553,4493,5060,2571,9115,15658,9320,8121,7237,14275,7098,1502,13284,5013,2215,3716,9409,20569,24989,19536,16508,17865,15281,23836,19874,19764,17251,16154,16850,15300,6942,10893,8440,8389,12523,8406,11495,11495,12111,10670,14957,22294,15548,7992,11489,18896,2183,2507,1725,2080,7664,5622,0,4983,2597,4376,699,8025,6009,9505,4900,6947,8267
36733,33359,13278,14230,34868,16610,28238,16333,18716,21792,22937,18062,18648,12697,8902,9886,10746,10175,13987,6106,9320,6921,10728,17271,15131,13043,12159,15888,5579,6190,11074,2803,4916,5329,7198,21770,24301,18848,22822,24179,16276,27430,27528,27863,19536,18439,19135,18894,13256,14570,13185,12619,16116,12331,10437,10437,11053,6391,14269,30473,11268,6934,10431,18208,9487,5590,5925,9383,6606,639,4200,0,3253,1346,4899,6967,4951,8447,3842,5889,7209
35988,32613,12532,13484,31821,12584,22290,12307,14690,17765,18911,14036,14622,15083,5856,9993,7699,8482,16373,6225,6791,3712,10847,17389,11051,9852,8968,16006,6583,3233,12802,4531,3946,5447,8927,21024,23556,18103,18796,20153,17569,23989,22162,22052,19538,18442,19138,21280,8422,11219,9919,9868,18502,9886,10034,10034,10649,8246,13524,20861,13654,6531,10028,17463,3915,4150,3456,3812,6203,3024,1731,2386,0,1778,2431,6563,4548,8043,3438,5486,6806
36671,34123,13215,14167,32504,14094,29089,13817,16200,19275,20421,15546,16132,13548,7366,10736,9209,11025,14837,6957,10171,6858,11579,18121,15981,13893,13010,16738,6430,4718,11924,3653,5767,6179,8049,21707,24239,18786,20306,21663,17127,28281,28379,28713,21048,19952,20648,19745,10981,15420,12478,12427,16967,12445,10374,10374,10990,7083,14207,22371,12118,6871,10368,18973,5399,5660,4941,5296,6543,1489,3216,850,2123,0,3915,6904,4888,8384,3779,5826,7147
37113,33739,13657,14609,32947,10190,19415,9913,12296,15371,16517,11642,12228,8986,6981,8144,8825,6896,9436,4376,4942,3570,8998,15540,9203,8003,7120,14157,6757,1384,12976,4705,2097,3598,9101,20463,24681,19228,16402,17759,11103,23719,19768,19658,17144,16048,16744,15183,6836,10776,8334,8282,12405,8300,12024,12024,12639,10363,14649,21986,15240,8521,12017,18588,2077,3507,1619,1974,8192,5314,1085,4675,2289,4068,0,8553,6185,10033,5428,7475,8796
31691,28317,8236,9188,27525,12693,22399,12416,14799,17874,19020,14145,14731,16421,5965,13314,7809,12593,14487,13145,14022,9607,18097,24639,18855,15813,14929,21327,12720,10415,16266,10668,11128,12368,15064,16728,19259,13806,16327,20262,17678,23277,22271,22161,19647,18551,19247,22618,12204,15001,15921,15415,20798,13668,7068,7068,6340,11372,8554,17311,16403,4491,7631,13166,11772,6058,10145,10253,4162,9738,8914,9100,8583,7469,9613,0,3778,2579,3630,3123,3836
34006,30631,10550,11502,29839,10602,20308,10325,12708,15783,16929,12054,12640,14330,3874,11223,5717,10502,12395,11246,9999,6766,16198,22740,16764,13722,12838,19236,10821,7885,17040,8769,8598,10468,13164,19042,21574,16121,16814,18171,15587,21186,20179,20070,17556,16460,17156,20527,10113,12910,13830,13324,18707,11577,10191,10191,9760,12030,11542,18879,19304,6688,10184,15481,8930,4159,7303,7411,6360,6897,6383,6258,5427,6399,7083,4293,0,5998,2146,4939,6963
33242,29868,8915,10739,29076,15314,25020,15037,17420,20495,21641,16766,17352,17428,8586,14519,10430,13469,15692,13085,13700,9286,17239,24757,19862,16820,15936,22334,13716,10094,14955,11664,10807,12308,16060,18499,20810,15357,18098,22883,20299,25899,24892,24782,22268,21172,21868,23625,13409,16206,14906,14855,20847,14873,5035,5035,4307,9339,6521,15278,14725,2458,5598,10815,11450,7955,9823,9931,2130,9417,8592,8778,9315,8919,9291,1771,6041,0,5930,3345,1803
33846,30472,10390,11342,29680,13138,22844,12862,15244,18320,19465,14590,15176,14037,6410,11128,8254,10078,12301,9694,10309,5895,13848,20859,16471,13429,12545,18943,10325,6703,16544,8273,7416,8917,12669,18882,21414,15961,19350,20708,18123,24543,22716,22606,20093,18996,19692,20234,10018,12815,11515,11464,17456,11482,8999,8999,8574,10839,10789,18719,16592,5496,8993,15321,8059,4564,6432,6540,5168,5076,5201,4437,4556,4578,5900,3125,2064,4813,0,1969,5771
34970,31596,11515,12467,30804,13353,23059,13076,15459,18534,19680,14805,15391,15319,6625,12410,8469,11359,13582,10976,11591,7176,15129,22648,17752,14711,13827,20224,11607,7984,13288,9555,8697,10198,13950,20007,22538,17085,19565,20922,15566,23938,22931,22821,20307,19211,19907,21516,11300,14097,12797,12746,18738,12763,5831,5831,6447,7671,9817,17442,13425,2329,5825,14111,9341,5846,7714,7822,2000,7307,6482,6669,5837,6809,7182,3097,4080,3841,3820,0,2604
33934,30560,9607,11431,29768,14612,24318,14335,16718,19793,20939,16064,16650,16726,7884,13817,9727,12766,14989,12383,12997,8583,16536,24055,19159,16117,15234,21631,13014,9391,14356,10962,10104,11605,15357,19246,21502,16049,18844,22181,19597,26017,24189,24080,21566,20470,21166,22923,12707,15504,14204,14153,20145,14170,5726,5726,4999,8739,7213,15969,14125,1755,5252,11507,10748,7253,9121,9229,1427,8714,7889,8076,8613,8216,8589,2518,5339,1237,5227,2643,0
